mean_fit_time,std_fit_time,mean_score_time,std_score_time,param_subsample,param_scale_pos_weight,param_max_depth,param_colsample_bytree,param_colsample_bynode,param_colsample_bylevel,params,split0_test_score,split1_test_score,split2_test_score,mean_test_score,std_test_score,rank_test_score
33.390212853749595,0.5500790443780138,0.2858639558156331,0.04871932013843014,1.0,1.0,5,0.5,1.0,0.5,"{'subsample': 1.0, 'scale_pos_weight': 1.0, 'max_depth': 5, 'colsample_bytree': 0.5, 'colsample_bynode': 1.0, 'colsample_bylevel': 0.5}",0.8905777170013416,0.8959389018476496,0.8971332755371246,0.8945495874922,0.0028509397863993712,1
35.942610025405884,0.5043616755821558,0.2792805830637614,0.035229503476193434,1.0,1.0,5,0.5,0.5,1.0,"{'subsample': 1.0, 'scale_pos_weight': 1.0, 'max_depth': 5, 'colsample_bytree': 0.5, 'colsample_bynode': 0.5, 'colsample_bylevel': 1.0}",0.8905777170013416,0.8959389018476496,0.8971332755371246,0.8945495874922,0.0028509397863993712,1
33.46370808283488,0.6077245765641428,0.2380958398183187,0.014475981284064838,1.0,0.5,5,1.0,0.5,0.5,"{'subsample': 1.0, 'scale_pos_weight': 0.5, 'max_depth': 5, 'colsample_bytree': 1.0, 'colsample_bynode': 0.5, 'colsample_bylevel': 0.5}",0.8908764448124539,0.8956000502363668,0.8971160017054352,0.8945304851401497,0.0026572334594338917,3
29.643606106440227,0.8225101152754671,0.23270495732625326,0.0031961558616054246,1.0,0.5,4,1.0,0.5,0.5,"{'subsample': 1.0, 'scale_pos_weight': 0.5, 'max_depth': 4, 'colsample_bytree': 1.0, 'colsample_bynode': 0.5, 'colsample_bylevel': 0.5}",0.8902490920364382,0.8959968199891967,0.8971963148617138,0.894480340353319,0.003032170419267617,4
21.800600449244182,0.5145894457904557,0.42446478207906085,0.21210676719037322,1.0,1.5,5,0.5,0.5,0.5,"{'subsample': 1.0, 'scale_pos_weight': 1.5, 'max_depth': 5, 'colsample_bytree': 0.5, 'colsample_bynode': 0.5, 'colsample_bylevel': 0.5}",0.89135183393041,0.8965515335301331,0.895527053055863,0.8944765100138676,0.00224902237151485,5
30.688766320546467,0.439329111850911,0.3279554843902588,0.13677469479768634,1.0,1.0,4,1.0,0.5,0.5,"{'subsample': 1.0, 'scale_pos_weight': 1.0, 'max_depth': 4, 'colsample_bytree': 1.0, 'colsample_bynode': 0.5, 'colsample_bylevel': 0.5}",0.8905582188575648,0.8961164768374175,0.8967443501360974,0.8944726434308623,0.0027801512766933243,6
33.63611125946045,0.3518851310716289,0.25893934567769367,0.00901911132545286,1.0,1.0,5,1.0,0.5,0.5,"{'subsample': 1.0, 'scale_pos_weight': 1.0, 'max_depth': 5, 'colsample_bytree': 1.0, 'colsample_bynode': 0.5, 'colsample_bylevel': 0.5}",0.8911323985706562,0.8959216686602702,0.8962971814390442,0.8944501010620722,0.0023513066019872192,7
21.831721782684326,0.4237729636779937,0.2709527810414632,0.005783359806931879,1.0,1.0,5,0.5,0.5,0.5,"{'subsample': 1.0, 'scale_pos_weight': 1.0, 'max_depth': 5, 'colsample_bytree': 0.5, 'colsample_bynode': 0.5, 'colsample_bylevel': 0.5}",0.8913812436306063,0.8957429556298263,0.8960038108104923,0.8943757189003141,0.0021203911420066075,8
29.33310278256734,0.4530443105579479,0.23783977826436362,0.0071273000568951115,1.0,1.5,4,0.5,0.5,1.0,"{'subsample': 1.0, 'scale_pos_weight': 1.5, 'max_depth': 4, 'colsample_bytree': 0.5, 'colsample_bynode': 0.5, 'colsample_bylevel': 1.0}",0.8907768417946612,0.8955733062804807,0.8965343003427535,0.8942944819852005,0.0025184445696899444,9
29.84505494435628,0.13302401342838122,0.25841911633809406,0.030269694160673308,1.0,1.5,4,0.5,1.0,0.5,"{'subsample': 1.0, 'scale_pos_weight': 1.5, 'max_depth': 4, 'colsample_bytree': 0.5, 'colsample_bynode': 1.0, 'colsample_bylevel': 0.5}",0.8907768417946612,0.8955733062804807,0.8965343003427535,0.8942944819852005,0.0025184445696899444,9
19.791340827941895,0.8028704047174093,0.24083590507507324,0.003563276879740431,1.0,1.5,4,0.5,0.5,0.5,"{'subsample': 1.0, 'scale_pos_weight': 1.5, 'max_depth': 4, 'colsample_bytree': 0.5, 'colsample_bynode': 0.5, 'colsample_bylevel': 0.5}",0.8909478161429033,0.8960421383946878,0.8957084892550671,0.8942325025726234,0.002326944711265405,11
34.113403717676796,1.0583217784356875,0.24763123194376627,0.008203699801055151,1.0,1.5,5,1.0,0.5,0.5,"{'subsample': 1.0, 'scale_pos_weight': 1.5, 'max_depth': 5, 'colsample_bytree': 1.0, 'colsample_bynode': 0.5, 'colsample_bylevel': 0.5}",0.8902728147780332,0.8956254529300279,0.8966762302727762,0.8941911271114682,0.0028040645761611767,12
22.25422016779582,0.04297153170184588,0.2849284013112386,0.029363209221217837,1.0,0.5,5,0.5,0.5,0.5,"{'subsample': 1.0, 'scale_pos_weight': 0.5, 'max_depth': 5, 'colsample_bytree': 0.5, 'colsample_bynode': 0.5, 'colsample_bylevel': 0.5}",0.8898627850628621,0.8957488490547556,0.8966142070559334,0.8940748802681473,0.0029996994183703377,13
19.430920839309692,0.32262158489282644,0.2408005396525065,0.005399534315652386,1.0,1.0,4,0.5,0.5,0.5,"{'subsample': 1.0, 'scale_pos_weight': 1.0, 'max_depth': 4, 'colsample_bytree': 0.5, 'colsample_bynode': 0.5, 'colsample_bylevel': 0.5}",0.8897311725923692,0.8957620178111495,0.8963384760578598,0.8939434886764409,0.0029882621125696834,14
34.05681975682577,0.4233191318988959,0.28769199053446454,0.04421936535359103,1.0,1.5,5,0.5,1.0,0.5,"{'subsample': 1.0, 'scale_pos_weight': 1.5, 'max_depth': 5, 'colsample_bytree': 0.5, 'colsample_bynode': 1.0, 'colsample_bylevel': 0.5}",0.8901889727597934,0.8948770692526203,0.896717687468831,0.8939275546848828,0.0027486508086341224,15
35.02475166320801,1.0018525267322465,0.24532397588094076,0.012264048767754993,1.0,1.5,5,0.5,0.5,1.0,"{'subsample': 1.0, 'scale_pos_weight': 1.5, 'max_depth': 5, 'colsample_bytree': 0.5, 'colsample_bynode': 0.5, 'colsample_bylevel': 1.0}",0.8901889727597934,0.8948770692526203,0.896717687468831,0.8939275546848828,0.0027486508086341224,15
28.850873231887817,0.5607499557458558,0.22929072380065918,0.0015539644653794857,0.5,1.0,3,1.0,0.5,0.5,"{'subsample': 0.5, 'scale_pos_weight': 1.0, 'max_depth': 3, 'colsample_bytree': 1.0, 'colsample_bynode': 0.5, 'colsample_bylevel': 0.5}",0.8902723273244387,0.8950638705007257,0.8964451267269261,0.8939267610353923,0.0026452398275741236,17
35.859368006388344,2.1245315992183205,0.4984265963236491,0.3523974403583045,1.0,0.5,5,0.5,0.5,1.0,"{'subsample': 1.0, 'scale_pos_weight': 0.5, 'max_depth': 5, 'colsample_bytree': 0.5, 'colsample_bynode': 0.5, 'colsample_bylevel': 1.0}",0.890800605157389,0.8947577375588783,0.896006168180464,0.8938545468599723,0.002219087065828622,18
34.896726846694946,1.670955552720628,0.2458797295888265,0.011414260687984049,1.0,0.5,5,0.5,1.0,0.5,"{'subsample': 1.0, 'scale_pos_weight': 0.5, 'max_depth': 5, 'colsample_bytree': 0.5, 'colsample_bynode': 1.0, 'colsample_bylevel': 0.5}",0.890800605157389,0.8947577375588783,0.896006168180464,0.8938545468599723,0.002219087065828622,18
24.226734081904095,1.1435268901065463,0.2261012395222982,0.008163178531917802,1.0,1.0,3,1.0,0.5,0.5,"{'subsample': 1.0, 'scale_pos_weight': 1.0, 'max_depth': 3, 'colsample_bytree': 1.0, 'colsample_bynode': 0.5, 'colsample_bylevel': 0.5}",0.8901326718696381,0.8957973377164158,0.895614031878958,0.8938476609206493,0.0026283336925617402,20
48.522740602493286,1.436690226294224,0.2331069310506185,0.009325035401182248,1.0,0.5,4,0.5,1.0,1.0,"{'subsample': 1.0, 'scale_pos_weight': 0.5, 'max_depth': 4, 'colsample_bytree': 0.5, 'colsample_bynode': 1.0, 'colsample_bylevel': 1.0}",0.8905505008423198,0.8949354344815758,0.8958733425758493,0.893786118602873,0.0023200648524830817,21
46.31154235204061,0.2104526453024215,0.22544463475545248,0.0013767626866230888,0.5,1.5,3,0.5,1.0,1.0,"{'subsample': 0.5, 'scale_pos_weight': 1.5, 'max_depth': 3, 'colsample_bytree': 0.5, 'colsample_bynode': 1.0, 'colsample_bylevel': 1.0}",0.8898271197082038,0.8944792427477343,0.8969569198766526,0.8937540544096475,0.0029556142408289302,22
21.537049293518066,0.139427039123489,0.28463125228881836,0.03807440736028237,1.0,0.5,4,0.5,0.5,0.5,"{'subsample': 1.0, 'scale_pos_weight': 0.5, 'max_depth': 4, 'colsample_bytree': 0.5, 'colsample_bynode': 0.5, 'colsample_bylevel': 0.5}",0.8894715629322089,0.895179340985031,0.896590348846047,0.8937466781448808,0.003077775435963637,23
30.063498576482136,0.5288976428747724,0.2313872973124186,0.0054805266464339406,1.0,0.5,4,0.5,0.5,1.0,"{'subsample': 1.0, 'scale_pos_weight': 0.5, 'max_depth': 4, 'colsample_bytree': 0.5, 'colsample_bynode': 0.5, 'colsample_bylevel': 1.0}",0.8896611011381717,0.8950017659952634,0.8965483632739643,0.8937366896467233,0.002950627108568995,24
28.232382774353027,0.5326086371029372,0.22661900520324707,0.003144011546642347,1.0,0.5,4,0.5,1.0,0.5,"{'subsample': 1.0, 'scale_pos_weight': 0.5, 'max_depth': 4, 'colsample_bytree': 0.5, 'colsample_bynode': 1.0, 'colsample_bylevel': 0.5}",0.8896611011381717,0.8950017659952634,0.8965483632739643,0.8937366896467233,0.002950627108568995,24
27.4689621925354,0.4239960666762553,0.22654231389363608,0.005457595889821731,0.5,1.5,3,1.0,0.5,0.5,"{'subsample': 0.5, 'scale_pos_weight': 1.5, 'max_depth': 3, 'colsample_bytree': 1.0, 'colsample_bynode': 0.5, 'colsample_bylevel': 0.5}",0.8898447086587358,0.8951024825950904,0.8961232644371637,0.8936897866383304,0.002751012257192599,26
30.30462630589803,1.2493282753894865,0.30246885617574054,0.07722409929345525,1.0,1.5,4,1.0,0.5,0.5,"{'subsample': 1.0, 'scale_pos_weight': 1.5, 'max_depth': 4, 'colsample_bytree': 1.0, 'colsample_bynode': 0.5, 'colsample_bylevel': 0.5}",0.889640100012479,0.8955935065024799,0.8957027990516869,0.8936450880730786,0.0028327091000082717,27
34.27058219909668,0.6761848198076212,0.23503470420837402,0.0025821475760616874,0.5,1.5,4,1.0,0.5,0.5,"{'subsample': 0.5, 'scale_pos_weight': 1.5, 'max_depth': 4, 'colsample_bytree': 1.0, 'colsample_bynode': 0.5, 'colsample_bylevel': 0.5}",0.8906795948025747,0.8947228240967107,0.8955116895067364,0.893637755128375,0.002116674610389289,28
100.12132755915324,4.652374468187148,0.15541489919026694,0.0023779881854950865,0.5,1.0,4,1.0,1.0,1.0,"{'subsample': 0.5, 'scale_pos_weight': 1.0, 'max_depth': 4, 'colsample_bytree': 1.0, 'colsample_bynode': 1.0, 'colsample_bylevel': 1.0}",0.8891046322390108,0.8956202098140564,0.8961785813428799,0.8936340441991468,0.0032113342745762334,29
48.034201304117836,1.3730275833545529,0.22460738817850748,0.00635790136713072,1.0,1.5,4,0.5,1.0,1.0,"{'subsample': 1.0, 'scale_pos_weight': 1.5, 'max_depth': 4, 'colsample_bytree': 0.5, 'colsample_bynode': 1.0, 'colsample_bylevel': 1.0}",0.89077753235392,0.8948903192976339,0.895171659210468,0.8936129009448317,0.0020084804760024506,30
48.667376597722374,1.1551946189188722,0.2323004404703776,0.007431869358115821,1.0,1.0,4,1.0,1.0,0.5,"{'subsample': 1.0, 'scale_pos_weight': 1.0, 'max_depth': 4, 'colsample_bytree': 1.0, 'colsample_bynode': 1.0, 'colsample_bylevel': 0.5}",0.8906436044788536,0.8952368526834796,0.8949501477217442,0.8936099198463816,0.0021010630319455385,31
48.63052773475647,0.24678514274110797,0.23283847173055014,0.007332074695880729,1.0,1.0,4,1.0,0.5,1.0,"{'subsample': 1.0, 'scale_pos_weight': 1.0, 'max_depth': 4, 'colsample_bytree': 1.0, 'colsample_bynode': 0.5, 'colsample_bylevel': 1.0}",0.8906436044788536,0.8952368526834796,0.8949501477217442,0.8936099198463816,0.0021010630319455385,31
59.52772434552511,0.30420369588068047,0.2706018288930257,0.026822462843907647,1.0,1.5,5,0.5,1.0,1.0,"{'subsample': 1.0, 'scale_pos_weight': 1.5, 'max_depth': 5, 'colsample_bytree': 0.5, 'colsample_bynode': 1.0, 'colsample_bylevel': 1.0}",0.890348370085168,0.8945932093925749,0.8958813901492013,0.8936073469596346,0.0023640051872872675,33
56.59860531489054,1.951434319862807,0.2559998830159505,0.034210776772112324,1.0,1.0,5,0.5,1.0,1.0,"{'subsample': 1.0, 'scale_pos_weight': 1.0, 'max_depth': 5, 'colsample_bytree': 0.5, 'colsample_bynode': 1.0, 'colsample_bylevel': 1.0}",0.8895705160118758,0.8947423333654424,0.8964921115491211,0.893601270745335,0.002938714977304012,34
35.18038503328959,0.4527665926740882,0.24785351753234863,0.008692531869584411,0.5,1.0,4,1.0,0.5,0.5,"{'subsample': 0.5, 'scale_pos_weight': 1.0, 'max_depth': 4, 'colsample_bytree': 1.0, 'colsample_bynode': 0.5, 'colsample_bylevel': 0.5}",0.8904572347212545,0.8943726327229777,0.8959073618632001,0.8935787799082923,0.0022947633678968567,35
34.28936139742533,0.7639960895202327,0.23327159881591797,0.006849496850867708,0.5,0.5,4,0.5,1.0,0.5,"{'subsample': 0.5, 'scale_pos_weight': 0.5, 'max_depth': 4, 'colsample_bytree': 0.5, 'colsample_bynode': 1.0, 'colsample_bylevel': 0.5}",0.8910052950459115,0.8932037023714735,0.8964915425287832,0.8935666033402498,0.002254453938041416,36
34.70566916465759,0.8693810934028084,0.2784370581309001,0.04858039065567332,0.5,0.5,4,0.5,0.5,1.0,"{'subsample': 0.5, 'scale_pos_weight': 0.5, 'max_depth': 4, 'colsample_bytree': 0.5, 'colsample_bynode': 0.5, 'colsample_bylevel': 1.0}",0.8910052950459115,0.8932037023714735,0.8964915425287832,0.8935666033402498,0.002254453938041416,36
29.920888264973957,1.0117782663455122,0.26305516560872394,0.04848504659416957,1.0,1.0,4,0.5,0.5,1.0,"{'subsample': 1.0, 'scale_pos_weight': 1.0, 'max_depth': 4, 'colsample_bytree': 0.5, 'colsample_bynode': 0.5, 'colsample_bylevel': 1.0}",0.8894714004476775,0.8951679199339612,0.8958941118181867,0.893510760352359,0.0028720068337973205,38
28.178272247314453,0.40698900210785294,0.23651552200317383,0.010632268193900292,1.0,1.0,4,0.5,1.0,0.5,"{'subsample': 1.0, 'scale_pos_weight': 1.0, 'max_depth': 4, 'colsample_bytree': 0.5, 'colsample_bynode': 1.0, 'colsample_bylevel': 0.5}",0.8894714004476775,0.8951679199339612,0.8958941118181867,0.893510760352359,0.0028720068337973205,38
38.62932435671488,0.9926121460241438,0.2221977710723877,0.0023803346286098872,1.0,1.0,3,0.5,1.0,1.0,"{'subsample': 1.0, 'scale_pos_weight': 1.0, 'max_depth': 3, 'colsample_bytree': 0.5, 'colsample_bynode': 1.0, 'colsample_bylevel': 1.0}",0.8896194644769818,0.895486164880146,0.8954102006650222,0.8935049075809461,0.0027479896035887473,40
99.15275740623474,2.25087859232995,0.15703678131103516,0.0031823479150081043,0.5,1.5,4,1.0,1.0,1.0,"{'subsample': 0.5, 'scale_pos_weight': 1.5, 'max_depth': 4, 'colsample_bytree': 1.0, 'colsample_bynode': 1.0, 'colsample_bylevel': 1.0}",0.8897626133492091,0.8942131850954064,0.8965092634478812,0.8934946661088641,0.0028008342893346087,41
27.94829773902893,0.735873406673593,0.2238760789235433,0.003990390784186767,0.5,0.5,3,1.0,0.5,0.5,"{'subsample': 0.5, 'scale_pos_weight': 0.5, 'max_depth': 3, 'colsample_bytree': 1.0, 'colsample_bynode': 0.5, 'colsample_bylevel': 0.5}",0.8900798643969094,0.8941391311628458,0.8962523914095812,0.8934901383681418,0.0025614219141648145,42
79.63190921147664,1.4446803819486003,0.1766056219736735,0.03013554762941072,0.5,1.5,3,1.0,1.0,1.0,"{'subsample': 0.5, 'scale_pos_weight': 1.5, 'max_depth': 3, 'colsample_bytree': 1.0, 'colsample_bynode': 1.0, 'colsample_bylevel': 1.0}",0.8895704753907427,0.8947216454117248,0.8961682170438661,0.8934864072927597,0.0028316381852512102,43
23.87974524497986,0.6654500166584179,0.23853063583374023,0.013520071576970924,1.0,1.5,3,1.0,0.5,0.5,"{'subsample': 1.0, 'scale_pos_weight': 1.5, 'max_depth': 3, 'colsample_bytree': 1.0, 'colsample_bynode': 0.5, 'colsample_bylevel': 0.5}",0.8895597920327984,0.895606919124733,0.8952903405952523,0.8934853110175296,0.0027791630868776425,44
58.729403018951416,2.509715945448096,0.2396860122680664,0.004524934917215227,1.0,0.5,5,0.5,1.0,1.0,"{'subsample': 1.0, 'scale_pos_weight': 0.5, 'max_depth': 5, 'colsample_bytree': 0.5, 'colsample_bynode': 1.0, 'colsample_bylevel': 1.0}",0.8898098963478678,0.8944566445114533,0.896162567484796,0.893476021188816,0.002684610514056712,45
33.800982554753624,0.5385148750882707,0.23251724243164062,0.004239520304017609,0.5,1.0,4,0.5,0.5,1.0,"{'subsample': 0.5, 'scale_pos_weight': 1.0, 'max_depth': 4, 'colsample_bytree': 0.5, 'colsample_bynode': 0.5, 'colsample_bylevel': 1.0}",0.8892872648523861,0.8946354794748268,0.8964512640177144,0.8934576066249241,0.0030410217804173662,46
33.63936678568522,0.9111888443340422,0.23171146710713705,0.008118688082886927,0.5,1.0,4,0.5,1.0,0.5,"{'subsample': 0.5, 'scale_pos_weight': 1.0, 'max_depth': 4, 'colsample_bytree': 0.5, 'colsample_bynode': 1.0, 'colsample_bylevel': 0.5}",0.8892872648523861,0.8946354794748268,0.8964512640177144,0.8934576066249241,0.0030410217804173662,46
24.535078446070354,0.7366376315725756,0.32884828249613446,0.1487553324893232,1.0,0.5,3,1.0,0.5,0.5,"{'subsample': 1.0, 'scale_pos_weight': 0.5, 'max_depth': 3, 'colsample_bytree': 1.0, 'colsample_bynode': 0.5, 'colsample_bylevel': 0.5}",0.8894232644052286,0.8949461645793781,0.8959895853020421,0.8934526219981246,0.0028812518074285655,48
22.969308376312256,0.49388651917091236,0.2037212053934733,0.018622285729881092,1.0,1.5,3,0.5,1.0,0.5,"{'subsample': 1.0, 'scale_pos_weight': 1.5, 'max_depth': 3, 'colsample_bytree': 0.5, 'colsample_bynode': 1.0, 'colsample_bylevel': 0.5}",0.8901134174526586,0.8948251258246221,0.8953385041024333,0.8934253678450673,0.002351593655592222,49
24.827043692270916,0.4061085770207957,0.2407704989115397,0.01926265292477727,1.0,1.5,3,0.5,0.5,1.0,"{'subsample': 1.0, 'scale_pos_weight': 1.5, 'max_depth': 3, 'colsample_bytree': 0.5, 'colsample_bynode': 0.5, 'colsample_bylevel': 1.0}",0.8901134174526586,0.8948251258246221,0.8953385041024333,0.8934253678450673,0.002351593655592222,49
84.69332440694173,4.129753994911071,0.20253427823384604,0.032286172189124496,1.0,0.5,4,1.0,1.0,1.0,"{'subsample': 1.0, 'scale_pos_weight': 0.5, 'max_depth': 4, 'colsample_bytree': 1.0, 'colsample_bynode': 1.0, 'colsample_bylevel': 1.0}",0.8894044161995778,0.8948508536727621,0.8960090945707737,0.8934210732567519,0.002879692968975562,51
47.91119678815206,1.1351344086349997,0.27297377586364746,0.06074516329496908,1.0,1.5,4,1.0,1.0,0.5,"{'subsample': 1.0, 'scale_pos_weight': 1.5, 'max_depth': 4, 'colsample_bytree': 1.0, 'colsample_bynode': 1.0, 'colsample_bylevel': 0.5}",0.8910226402696464,0.8946696206951072,0.8945550037413087,0.8934155275925002,0.001692914663754641,52
48.349611361821495,0.9040304258577117,0.28487245241800946,0.04757089331870189,1.0,1.5,4,1.0,0.5,1.0,"{'subsample': 1.0, 'scale_pos_weight': 1.5, 'max_depth': 4, 'colsample_bytree': 1.0, 'colsample_bynode': 0.5, 'colsample_bylevel': 1.0}",0.8910226402696464,0.8946696206951072,0.8945550037413087,0.8934155275925002,0.001692914663754641,52
45.41617433230082,0.5031849016774846,0.22129329045613608,0.004716015850803894,0.5,1.0,3,0.5,1.0,1.0,"{'subsample': 0.5, 'scale_pos_weight': 1.0, 'max_depth': 3, 'colsample_bytree': 0.5, 'colsample_bynode': 1.0, 'colsample_bylevel': 1.0}",0.8893435251214085,0.8947150610335279,0.8961879295341472,0.8934151184534683,0.002941567765387053,54
99.43428961435954,4.332055503843815,0.15939752260843912,0.003832980055493491,0.5,0.5,4,1.0,1.0,1.0,"{'subsample': 0.5, 'scale_pos_weight': 0.5, 'max_depth': 4, 'colsample_bytree': 1.0, 'colsample_bynode': 1.0, 'colsample_bylevel': 1.0}",0.8889226901848943,0.8949596991345605,0.8963234376632123,0.893401516866676,0.003216012581588436,55
47.12082346280416,0.9694118633183674,0.23333136240641275,0.005387256622920942,1.0,1.0,4,0.5,1.0,1.0,"{'subsample': 1.0, 'scale_pos_weight': 1.0, 'max_depth': 4, 'colsample_bytree': 0.5, 'colsample_bynode': 1.0, 'colsample_bylevel': 1.0}",0.8894381317398584,0.8949572198316593,0.8956755267197726,0.8933565872013561,0.0027866324496110544,56
28.869993368784588,1.4720905988142696,0.3002794583638509,0.08223082906315587,0.5,0.5,3,0.5,1.0,0.5,"{'subsample': 0.5, 'scale_pos_weight': 0.5, 'max_depth': 3, 'colsample_bytree': 0.5, 'colsample_bynode': 1.0, 'colsample_bylevel': 0.5}",0.8898578292846522,0.8948938959969013,0.8953133452746316,0.893354691338425,0.0024789281269939497,57
28.652461449305218,0.933606036601917,0.230928103129069,0.0035324979491830858,0.5,0.5,3,0.5,0.5,1.0,"{'subsample': 0.5, 'scale_pos_weight': 0.5, 'max_depth': 3, 'colsample_bytree': 0.5, 'colsample_bynode': 0.5, 'colsample_bylevel': 1.0}",0.8898578292846522,0.8948938959969013,0.8953133452746316,0.893354691338425,0.0024789281269939497,57
37.702257553736366,0.8583229131262162,0.25304730733235675,0.054577838675663924,1.0,0.5,3,0.5,1.0,1.0,"{'subsample': 1.0, 'scale_pos_weight': 0.5, 'max_depth': 3, 'colsample_bytree': 0.5, 'colsample_bynode': 1.0, 'colsample_bylevel': 1.0}",0.8894919953620416,0.8945777645548291,0.8959650361388881,0.8933445660481593,0.002782802294588591,59
27.25472680727641,0.361462936955567,0.24133125940958658,0.0245331748667105,0.5,1.0,3,0.5,1.0,0.5,"{'subsample': 0.5, 'scale_pos_weight': 1.0, 'max_depth': 3, 'colsample_bytree': 0.5, 'colsample_bynode': 1.0, 'colsample_bylevel': 0.5}",0.8897113088583967,0.8943712101721327,0.8959082153937074,0.8933299010641628,0.002634893550565377,60
29.39489237467448,0.9507296093284294,0.2315491040547689,0.0045561711880571605,0.5,1.0,3,0.5,0.5,1.0,"{'subsample': 0.5, 'scale_pos_weight': 1.0, 'max_depth': 3, 'colsample_bytree': 0.5, 'colsample_bynode': 0.5, 'colsample_bylevel': 1.0}",0.8897113088583967,0.8943712101721327,0.8959082153937074,0.8933299010641628,0.002634893550565377,60
24.714174032211304,0.47725915770450494,0.22342300415039062,0.0032636552806867337,1.0,1.0,3,0.5,1.0,0.5,"{'subsample': 1.0, 'scale_pos_weight': 1.0, 'max_depth': 3, 'colsample_bytree': 0.5, 'colsample_bynode': 1.0, 'colsample_bylevel': 0.5}",0.8896574858573465,0.8950745193099084,0.8952531916960423,0.8933280502734772,0.0025968753304482966,62
24.494299332300823,0.7996391454394612,0.22706317901611328,0.002841366777754734,1.0,1.0,3,0.5,0.5,1.0,"{'subsample': 1.0, 'scale_pos_weight': 1.0, 'max_depth': 3, 'colsample_bytree': 0.5, 'colsample_bynode': 0.5, 'colsample_bylevel': 1.0}",0.8896574858573465,0.8950745193099084,0.8952531916960423,0.8933280502734772,0.0025968753304482966,62
59.14389292399088,0.4810018718074843,0.2451001008351644,0.008443146468137139,0.5,1.5,4,0.5,1.0,1.0,"{'subsample': 0.5, 'scale_pos_weight': 1.5, 'max_depth': 4, 'colsample_bytree': 0.5, 'colsample_bynode': 1.0, 'colsample_bylevel': 1.0}",0.8899424024832836,0.8939748468624016,0.8960008031315628,0.8933056980001088,0.0025182351645360165,64
57.69938532511393,1.4531218000520199,0.28374671936035156,0.03291016791135872,0.5,1.0,4,0.5,1.0,1.0,"{'subsample': 0.5, 'scale_pos_weight': 1.0, 'max_depth': 4, 'colsample_bytree': 0.5, 'colsample_bynode': 1.0, 'colsample_bylevel': 1.0}",0.8894005978130881,0.89464312060508,0.8956466286154636,0.8932297519318794,0.0027388176289005416,65
24.129312753677368,0.8235228410523081,0.22931838035583496,0.0025561379464764983,1.0,0.5,3,0.5,1.0,0.5,"{'subsample': 1.0, 'scale_pos_weight': 0.5, 'max_depth': 3, 'colsample_bytree': 0.5, 'colsample_bynode': 1.0, 'colsample_bylevel': 0.5}",0.8894343133533686,0.894838619735495,0.8953599236537284,0.8932105935242315,0.0026790794285225647,66
26.264793793360393,0.8538119190338258,0.2613716125488281,0.03582347340941487,1.0,0.5,3,0.5,0.5,1.0,"{'subsample': 1.0, 'scale_pos_weight': 0.5, 'max_depth': 3, 'colsample_bytree': 0.5, 'colsample_bynode': 0.5, 'colsample_bylevel': 1.0}",0.8894343133533686,0.894838619735495,0.8953599236537284,0.8932105935242315,0.0026790794285225647,66
46.62964177131653,1.4741312075364046,0.2244861920674642,0.002894185462023879,0.5,0.5,3,0.5,1.0,1.0,"{'subsample': 0.5, 'scale_pos_weight': 0.5, 'max_depth': 3, 'colsample_bytree': 0.5, 'colsample_bynode': 1.0, 'colsample_bylevel': 1.0}",0.8891858745047471,0.8943324355005284,0.8960601438239549,0.893192437344346,0.0029199330449237878,68
40.40017636617025,0.9465665045492945,0.3444477717081706,0.08284125986478658,0.5,0.5,5,0.5,1.0,0.5,"{'subsample': 0.5, 'scale_pos_weight': 0.5, 'max_depth': 5, 'colsample_bytree': 0.5, 'colsample_bynode': 1.0, 'colsample_bylevel': 0.5}",0.8894724159759991,0.8935992527950075,0.8964299257550392,0.8931668472271914,0.002856865535131971,69
41.6674218972524,0.3139229704048916,0.25113606452941895,0.004685171127329301,0.5,0.5,5,0.5,0.5,1.0,"{'subsample': 0.5, 'scale_pos_weight': 0.5, 'max_depth': 5, 'colsample_bytree': 0.5, 'colsample_bynode': 0.5, 'colsample_bylevel': 1.0}",0.8894724159759991,0.8935992527950075,0.8964299257550392,0.8931668472271914,0.002856865535131971,69
46.71994161605835,0.1363220514119268,0.22380725542704263,0.00562756316365337,0.5,1.5,3,1.0,0.5,1.0,"{'subsample': 0.5, 'scale_pos_weight': 1.5, 'max_depth': 3, 'colsample_bytree': 1.0, 'colsample_bynode': 0.5, 'colsample_bylevel': 1.0}",0.8886108417478656,0.8954512920622881,0.8953191980552511,0.8931266816448948,0.003194091206571847,71
47.11582907040914,1.206933168950251,0.2243645191192627,0.0047928901846120515,0.5,1.5,3,1.0,1.0,0.5,"{'subsample': 0.5, 'scale_pos_weight': 1.5, 'max_depth': 3, 'colsample_bytree': 1.0, 'colsample_bynode': 1.0, 'colsample_bylevel': 0.5}",0.8886108417478656,0.8954512920622881,0.8953191980552511,0.8931266816448948,0.003194091206571847,71
39.418147007624306,0.8853243188112585,0.2882811228434245,0.05678034189546853,1.0,0.5,3,1.0,0.5,1.0,"{'subsample': 1.0, 'scale_pos_weight': 0.5, 'max_depth': 3, 'colsample_bytree': 1.0, 'colsample_bynode': 0.5, 'colsample_bylevel': 1.0}",0.8884819915144079,0.8949708763197716,0.8958644821163004,0.8931053441268758,0.0032899568988805695,73
37.735881884892784,0.6034250226601139,0.2768545150756836,0.07868086055177878,1.0,0.5,3,1.0,1.0,0.5,"{'subsample': 1.0, 'scale_pos_weight': 0.5, 'max_depth': 3, 'colsample_bytree': 1.0, 'colsample_bynode': 1.0, 'colsample_bylevel': 0.5}",0.8884819915144079,0.8949708763197716,0.8958644821163004,0.8931053441268758,0.0032899568988805695,73
51.095073779424034,0.78961630543041,0.23623124758402506,0.0026102733894849323,1.0,0.5,4,1.0,1.0,0.5,"{'subsample': 1.0, 'scale_pos_weight': 0.5, 'max_depth': 4, 'colsample_bytree': 1.0, 'colsample_bynode': 1.0, 'colsample_bylevel': 0.5}",0.8897059062477252,0.8942651285234045,0.8952792040543512,0.8930830921300208,0.0024239828081614773,75
47.80231992403666,0.9794032913028767,0.23047574361165366,0.010080023023397312,1.0,0.5,4,1.0,0.5,1.0,"{'subsample': 1.0, 'scale_pos_weight': 0.5, 'max_depth': 4, 'colsample_bytree': 1.0, 'colsample_bynode': 0.5, 'colsample_bylevel': 1.0}",0.8897059062477252,0.8942651285234045,0.8952792040543512,0.8930830921300208,0.0024239828081614773,75
70.25400726000468,1.4407556572578315,0.2828512986501058,0.05062013400714178,0.5,1.5,5,0.5,1.0,1.0,"{'subsample': 0.5, 'scale_pos_weight': 1.5, 'max_depth': 5, 'colsample_bytree': 0.5, 'colsample_bynode': 1.0, 'colsample_bylevel': 1.0}",0.8900935943398189,0.8934031439999448,0.8957456381542768,0.893080508426285,0.0023187407665459995,77
19.213671048482258,0.7719936007839611,0.3233734766642253,0.05333583436658476,1.0,0.5,3,0.5,0.5,0.5,"{'subsample': 1.0, 'scale_pos_weight': 0.5, 'max_depth': 3, 'colsample_bytree': 0.5, 'colsample_bynode': 0.5, 'colsample_bylevel': 0.5}",0.8888191469172134,0.8947694024758075,0.8956307366903095,0.8930726913006577,0.003028619427714298,78
85.70430890719096,1.4335336759755462,0.1634972095489502,0.0022508635614000103,1.0,0.5,5,1.0,1.0,1.0,"{'subsample': 1.0, 'scale_pos_weight': 0.5, 'max_depth': 5, 'colsample_bytree': 1.0, 'colsample_bynode': 1.0, 'colsample_bylevel': 1.0}",0.8891673106470264,0.8947035993381481,0.8953368376857294,0.8930688785987698,0.0027713012685343765,79
81.95336445172627,1.048927276578921,0.22491025924682617,0.006912630812855615,0.5,0.5,3,1.0,1.0,1.0,"{'subsample': 0.5, 'scale_pos_weight': 0.5, 'max_depth': 3, 'colsample_bytree': 1.0, 'colsample_bynode': 1.0, 'colsample_bylevel': 1.0}",0.8885005147509956,0.8946703929369944,0.895966824488522,0.8930454789819654,0.0032575127279460027,80
80.6629303296407,0.8390585996740879,0.21698466936747232,0.00158033457889351,0.5,1.0,3,1.0,1.0,1.0,"{'subsample': 0.5, 'scale_pos_weight': 1.0, 'max_depth': 3, 'colsample_bytree': 1.0, 'colsample_bynode': 1.0, 'colsample_bylevel': 1.0}",0.8889575837380281,0.8943038219063889,0.895826926773992,0.893029057374614,0.002945745325432204,81
69.18984961509705,1.2546220159187098,0.23788865407307944,0.014937367480044072,1.0,0.5,3,1.0,1.0,1.0,"{'subsample': 1.0, 'scale_pos_weight': 0.5, 'max_depth': 3, 'colsample_bytree': 1.0, 'colsample_bynode': 1.0, 'colsample_bylevel': 1.0}",0.8891739318916839,0.8944211620289476,0.895444788972711,0.8930129296167012,0.0027469383951455807,82
71.15471911430359,6.2841264179822245,0.16057554880777994,0.004027594254467303,1.0,1.5,5,1.0,1.0,1.0,"{'subsample': 1.0, 'scale_pos_weight': 1.5, 'max_depth': 5, 'colsample_bytree': 1.0, 'colsample_bynode': 1.0, 'colsample_bylevel': 1.0}",0.8898189954816302,0.8951879575787208,0.8940223194163153,0.893009454418323,0.002305947760765347,83
20.94222084681193,0.6641270180749261,0.43925897280375165,0.2059331837580633,0.5,1.0,3,0.5,0.5,0.5,"{'subsample': 0.5, 'scale_pos_weight': 1.0, 'max_depth': 3, 'colsample_bytree': 0.5, 'colsample_bynode': 0.5, 'colsample_bylevel': 0.5}",0.8898949570000936,0.8945095227585782,0.8946238552022074,0.8930091491579336,0.002202874654846467,84
70.54381704330444,1.839709420844715,0.2406319777170817,0.006221285787977498,0.5,1.0,5,0.5,1.0,1.0,"{'subsample': 0.5, 'scale_pos_weight': 1.0, 'max_depth': 5, 'colsample_bytree': 0.5, 'colsample_bynode': 1.0, 'colsample_bylevel': 1.0}",0.8892116283029855,0.8943860859895407,0.8954210120514443,0.8930058816840135,0.0027163810012299826,85
58.98316407203674,2.04163208578247,0.24814597765604654,0.0034077032442628194,1.0,0.5,5,1.0,1.0,0.5,"{'subsample': 1.0, 'scale_pos_weight': 0.5, 'max_depth': 5, 'colsample_bytree': 1.0, 'colsample_bynode': 1.0, 'colsample_bylevel': 0.5}",0.8889022983761946,0.8945896326933073,0.8955225821817784,0.8930044480715349,0.0029259640899207628,86
59.89043847719828,0.6940892325910294,0.25110530853271484,0.010035036147759345,1.0,0.5,5,1.0,0.5,1.0,"{'subsample': 1.0, 'scale_pos_weight': 0.5, 'max_depth': 5, 'colsample_bytree': 1.0, 'colsample_bynode': 0.5, 'colsample_bylevel': 1.0}",0.8889022983761946,0.8945896326933073,0.8955225821817784,0.8930044480715349,0.0029259640899207628,86
23.786231358846027,0.27672237652415543,0.3565394878387451,0.16664556144468465,0.5,0.5,4,0.5,0.5,0.5,"{'subsample': 0.5, 'scale_pos_weight': 0.5, 'max_depth': 4, 'colsample_bytree': 0.5, 'colsample_bynode': 0.5, 'colsample_bylevel': 0.5}",0.8899792864719279,0.8944242916408067,0.8945999157037015,0.8930008775729812,0.00213809435717996,88
75.81548245747884,5.251799142013092,0.1634849707285563,0.004902285334065758,1.0,1.0,5,1.0,1.0,1.0,"{'subsample': 1.0, 'scale_pos_weight': 1.0, 'max_depth': 5, 'colsample_bytree': 1.0, 'colsample_bynode': 1.0, 'colsample_bylevel': 1.0}",0.8888861717864459,0.8944194956122437,0.8956589844856605,0.8929878276628012,0.0029445235254047524,89
80.19055803616841,2.553122004718084,0.1978119214375814,0.0283595653390371,1.0,1.0,4,1.0,1.0,1.0,"{'subsample': 1.0, 'scale_pos_weight': 1.0, 'max_depth': 4, 'colsample_bytree': 1.0, 'colsample_bynode': 1.0, 'colsample_bylevel': 1.0}",0.8891808374842713,0.8947715972685398,0.8950117644954882,0.8929877047872118,0.002694029845895199,90
18.93579363822937,0.6657199330045968,0.2811831633249919,0.029719992350499422,1.0,1.0,3,0.5,0.5,0.5,"{'subsample': 1.0, 'scale_pos_weight': 1.0, 'max_depth': 3, 'colsample_bytree': 0.5, 'colsample_bynode': 0.5, 'colsample_bylevel': 0.5}",0.8889809002682943,0.8948590231790434,0.8950870377573446,0.8929752742940253,0.0028263845557134886,91
38.917253494262695,0.9686294439161397,0.25331902503967285,0.043144793417378834,1.0,1.0,3,1.0,1.0,0.5,"{'subsample': 1.0, 'scale_pos_weight': 1.0, 'max_depth': 3, 'colsample_bytree': 1.0, 'colsample_bynode': 1.0, 'colsample_bylevel': 0.5}",0.888868298487984,0.894832360511777,0.8951977122130867,0.8929657345064942,0.0029015733838389105,92
39.05168970425924,0.74765742915824,0.2691960334777832,0.038154590565771355,1.0,1.0,3,1.0,0.5,1.0,"{'subsample': 1.0, 'scale_pos_weight': 1.0, 'max_depth': 3, 'colsample_bytree': 1.0, 'colsample_bynode': 0.5, 'colsample_bylevel': 1.0}",0.888868298487984,0.894832360511777,0.8951977122130867,0.8929657345064942,0.0029015733838389105,92
34.563186486562095,0.9883117835638272,0.2820118268330892,0.0731057013434264,0.5,1.5,4,0.5,1.0,0.5,"{'subsample': 0.5, 'scale_pos_weight': 1.5, 'max_depth': 4, 'colsample_bytree': 0.5, 'colsample_bynode': 1.0, 'colsample_bylevel': 0.5}",0.8897807303744683,0.8938116193140134,0.895290421883872,0.8929606217874015,0.0023284623848579614,94
34.770503441492714,0.931983831238382,0.2464587688446045,0.007624321360993813,0.5,1.5,4,0.5,0.5,1.0,"{'subsample': 0.5, 'scale_pos_weight': 1.5, 'max_depth': 4, 'colsample_bytree': 0.5, 'colsample_bynode': 0.5, 'colsample_bylevel': 1.0}",0.8897807303744683,0.8938116193140134,0.895290421883872,0.8929606217874015,0.0023284623848579614,94
60.18328928947449,1.641446404773968,0.28525559107462567,0.03830434100031505,1.0,1.5,5,1.0,1.0,0.5,"{'subsample': 1.0, 'scale_pos_weight': 1.5, 'max_depth': 5, 'colsample_bytree': 1.0, 'colsample_bynode': 1.0, 'colsample_bylevel': 0.5}",0.889457061187775,0.8935013812968704,0.8958127419098516,0.8929233988508243,0.0026267420696382848,96
58.10246825218201,0.8127467506530238,0.2304824193318685,0.010942732308017266,1.0,1.5,5,1.0,0.5,1.0,"{'subsample': 1.0, 'scale_pos_weight': 1.5, 'max_depth': 5, 'colsample_bytree': 1.0, 'colsample_bynode': 0.5, 'colsample_bylevel': 1.0}",0.889457061187775,0.8935013812968704,0.8958127419098516,0.8929233988508243,0.0026267420696382848,96
78.59274729092915,5.537133467174189,0.1797166665395101,0.03363637556586083,1.0,1.5,4,1.0,1.0,1.0,"{'subsample': 1.0, 'scale_pos_weight': 1.5, 'max_depth': 4, 'colsample_bytree': 1.0, 'colsample_bynode': 1.0, 'colsample_bylevel': 1.0}",0.8890692918534155,0.8948238252067068,0.8948532516870437,0.8929150909218901,0.002719804589628359,98
47.227315187454224,0.16631284525610845,0.293679157892863,0.09654884715294106,0.5,1.0,3,1.0,0.5,1.0,"{'subsample': 0.5, 'scale_pos_weight': 1.0, 'max_depth': 3, 'colsample_bytree': 1.0, 'colsample_bynode': 0.5, 'colsample_bylevel': 1.0}",0.8887623991945968,0.8946536881256428,0.8952506717488312,0.8928885277329563,0.0029281883225742546,99
45.562695344289146,1.711378771208708,0.24520134925842285,0.03872332319221636,0.5,1.0,3,1.0,1.0,0.5,"{'subsample': 0.5, 'scale_pos_weight': 1.0, 'max_depth': 3, 'colsample_bytree': 1.0, 'colsample_bynode': 1.0, 'colsample_bylevel': 0.5}",0.8887623991945968,0.8946536881256428,0.8952506717488312,0.8928885277329563,0.0029281883225742546,99
27.68586301803589,0.16605121512674736,0.22904054323832193,0.0033374955587525804,0.5,1.5,3,0.5,0.5,1.0,"{'subsample': 0.5, 'scale_pos_weight': 1.5, 'max_depth': 3, 'colsample_bytree': 0.5, 'colsample_bynode': 0.5, 'colsample_bylevel': 1.0}",0.8893878833985005,0.8940705235678064,0.8951807635358762,0.8928793918289855,0.002510472444843721,101
26.84402887026469,0.7210021203096869,0.22188226381937662,0.010174451550772793,0.5,1.5,3,0.5,1.0,0.5,"{'subsample': 0.5, 'scale_pos_weight': 1.5, 'max_depth': 3, 'colsample_bytree': 0.5, 'colsample_bynode': 1.0, 'colsample_bylevel': 0.5}",0.8893878833985005,0.8940705235678064,0.8951807635358762,0.8928793918289855,0.002510472444843721,101
58.87686634063721,1.3628836452452622,0.2547956307729085,0.015146278048904593,0.5,0.5,4,0.5,1.0,1.0,"{'subsample': 0.5, 'scale_pos_weight': 0.5, 'max_depth': 4, 'colsample_bytree': 0.5, 'colsample_bynode': 1.0, 'colsample_bylevel': 1.0}",0.8890168905920156,0.8948196794871014,0.8946909183134726,0.8928421327564771,0.0027057506866725047,103
19.85108693440755,0.2933685021042471,0.29855910936991376,0.05984426562725631,0.5,0.5,3,0.5,0.5,0.5,"{'subsample': 0.5, 'scale_pos_weight': 0.5, 'max_depth': 3, 'colsample_bytree': 0.5, 'colsample_bynode': 0.5, 'colsample_bylevel': 0.5}",0.8894584423062926,0.894400230209371,0.8946469411702065,0.892834883820861,0.0023899678900452795,104
18.925963560740154,0.16191016798019978,0.30569958686828613,0.030420680835353632,1.0,1.5,3,0.5,0.5,0.5,"{'subsample': 1.0, 'scale_pos_weight': 1.5, 'max_depth': 3, 'colsample_bytree': 0.5, 'colsample_bynode': 0.5, 'colsample_bylevel': 0.5}",0.8886909466218815,0.8946344633670803,0.8951769023264395,0.8928337105681389,0.0029381503364474264,105
39.81937305132548,0.5025686076730113,0.25911951065063477,0.014637321293508119,0.5,1.0,5,1.0,0.5,0.5,"{'subsample': 0.5, 'scale_pos_weight': 1.0, 'max_depth': 5, 'colsample_bytree': 1.0, 'colsample_bynode': 0.5, 'colsample_bylevel': 0.5}",0.8892054538907895,0.8938800643318136,0.8953713853491083,0.8928186246283271,0.0026267850046669964,106
21.12477644284566,0.2926205978915039,0.39130059878031415,0.2113637074464786,0.5,1.5,3,0.5,0.5,0.5,"{'subsample': 0.5, 'scale_pos_weight': 1.5, 'max_depth': 3, 'colsample_bytree': 0.5, 'colsample_bynode': 0.5, 'colsample_bylevel': 0.5}",0.8887762916220376,0.894918526448675,0.894761558124005,0.8928184080888,0.002859333313684979,107
38.79001442591349,0.3799964888118598,0.25159597396850586,0.03919977657092217,1.0,1.5,3,0.5,1.0,1.0,"{'subsample': 1.0, 'scale_pos_weight': 1.5, 'max_depth': 3, 'colsample_bytree': 0.5, 'colsample_bynode': 1.0, 'colsample_bylevel': 1.0}",0.8889749695828957,0.894634829165869,0.8948205736619181,0.8928097598554966,0.002713052387075179,108
34.35247151056925,0.7024378124695185,0.31280676523844403,0.03496286765664011,0.5,0.5,4,1.0,0.5,0.5,"{'subsample': 0.5, 'scale_pos_weight': 0.5, 'max_depth': 4, 'colsample_bytree': 1.0, 'colsample_bynode': 0.5, 'colsample_bylevel': 0.5}",0.8892970139242744,0.8939451765162055,0.8951696269949752,0.8928036060405524,0.0025297632937268553,109
41.0532800356547,1.5150521919670767,0.2646334966023763,0.010199750688854595,0.5,1.5,5,1.0,0.5,0.5,"{'subsample': 0.5, 'scale_pos_weight': 1.5, 'max_depth': 5, 'colsample_bytree': 1.0, 'colsample_bynode': 0.5, 'colsample_bylevel': 0.5}",0.8889422289498039,0.8950051801172914,0.8943984418597373,0.8927815855937694,0.0027264958313327633,110
39.102545499801636,1.261227882134827,0.27861913045247394,0.05858989768400347,1.0,1.5,3,1.0,1.0,0.5,"{'subsample': 1.0, 'scale_pos_weight': 1.5, 'max_depth': 3, 'colsample_bytree': 1.0, 'colsample_bynode': 1.0, 'colsample_bylevel': 0.5}",0.8890648235287999,0.8942782159911786,0.8949609184638565,0.8927676342504565,0.002633444578713638,111
39.31717085838318,0.11213379429965,0.22317282358805338,0.0025402028162863225,1.0,1.5,3,1.0,0.5,1.0,"{'subsample': 1.0, 'scale_pos_weight': 1.5, 'max_depth': 3, 'colsample_bytree': 1.0, 'colsample_bynode': 0.5, 'colsample_bylevel': 1.0}",0.8890648235287999,0.8942782159911786,0.8949609184638565,0.8927676342504565,0.002633444578713638,111
57.95241451263428,1.279348164729069,0.5634605089823405,0.4713183914695197,1.0,1.0,5,1.0,0.5,1.0,"{'subsample': 1.0, 'scale_pos_weight': 1.0, 'max_depth': 5, 'colsample_bytree': 1.0, 'colsample_bynode': 0.5, 'colsample_bylevel': 1.0}",0.8884355209384067,0.8945276094764646,0.8953229779760677,0.8927616251771223,0.0030766346617553484,113
60.61057949066162,2.645168174290317,0.25612688064575195,0.01591009967348028,1.0,1.0,5,1.0,1.0,0.5,"{'subsample': 1.0, 'scale_pos_weight': 1.0, 'max_depth': 5, 'colsample_bytree': 1.0, 'colsample_bynode': 1.0, 'colsample_bylevel': 0.5}",0.8884355209384067,0.8945276094764646,0.8953229779760677,0.8927616251771223,0.0030766346617553484,113
21.948330958684284,0.8278533055035837,0.32600847880045575,0.10472115540809909,0.5,1.5,4,0.5,0.5,0.5,"{'subsample': 0.5, 'scale_pos_weight': 1.5, 'max_depth': 4, 'colsample_bytree': 0.5, 'colsample_bynode': 0.5, 'colsample_bylevel': 0.5}",0.8897665535990974,0.8942200946280822,0.8942827681538825,0.8927561881301999,0.002114446850705029,115
70.04323021570842,1.736427110167182,0.2508834997812907,0.022195132228218298,0.5,0.5,5,0.5,1.0,1.0,"{'subsample': 0.5, 'scale_pos_weight': 0.5, 'max_depth': 5, 'colsample_bytree': 0.5, 'colsample_bynode': 1.0, 'colsample_bylevel': 1.0}",0.889783573853769,0.8935978302441625,0.8947535918392729,0.8927113871882126,0.0021236469971445114,116
66.82868425051372,2.2006403438495794,0.21856999397277832,0.007461522378862589,1.0,1.5,3,1.0,1.0,1.0,"{'subsample': 1.0, 'scale_pos_weight': 1.5, 'max_depth': 3, 'colsample_bytree': 1.0, 'colsample_bynode': 1.0, 'colsample_bylevel': 1.0}",0.8886561749321464,0.8942910595930934,0.8951441023683845,0.8926967284702376,0.0028786509984524886,117
57.128893772761025,1.246568521246794,0.21572089195251465,0.0013100469534680344,0.5,1.0,2,1.0,1.0,1.0,"{'subsample': 0.5, 'scale_pos_weight': 1.0, 'max_depth': 2, 'colsample_bytree': 1.0, 'colsample_bynode': 1.0, 'colsample_bylevel': 1.0}",0.8880148078652912,0.8941631113056618,0.8955727372601427,0.892583118182426,0.003281591998842156,118
34.9803241888682,0.18910472169769957,0.22828435897827148,0.008328260429474002,0.25,1.0,3,0.5,1.0,1.0,"{'subsample': 0.25, 'scale_pos_weight': 1.0, 'max_depth': 3, 'colsample_bytree': 0.5, 'colsample_bynode': 1.0, 'colsample_bylevel': 1.0}",0.888887715389495,0.8942879299812345,0.8945638642008578,0.8925794858284659,0.002613276728735582,119
39.98285738627116,0.5467189727422006,0.2657961845397949,0.018243187414007205,0.5,0.5,5,1.0,0.5,0.5,"{'subsample': 0.5, 'scale_pos_weight': 0.5, 'max_depth': 5, 'colsample_bytree': 1.0, 'colsample_bynode': 0.5, 'colsample_bylevel': 0.5}",0.8893794748239967,0.893867383307138,0.8944778608411991,0.8925746028066815,0.0022733200350622505,120
59.12390875816345,0.9581482777721299,0.23860883712768555,0.005967908257894495,0.5,1.5,4,1.0,1.0,0.5,"{'subsample': 0.5, 'scale_pos_weight': 1.5, 'max_depth': 4, 'colsample_bytree': 1.0, 'colsample_bynode': 1.0, 'colsample_bylevel': 0.5}",0.8887335581902603,0.8938660826892227,0.8950307453881918,0.8925431002062558,0.002735767684811321,121
57.54067222277323,0.7995857220618388,0.22813781102498373,0.005692950711868147,0.5,1.5,4,1.0,0.5,1.0,"{'subsample': 0.5, 'scale_pos_weight': 1.5, 'max_depth': 4, 'colsample_bytree': 1.0, 'colsample_bynode': 0.5, 'colsample_bylevel': 1.0}",0.8887335581902603,0.8938660826892227,0.8950307453881918,0.8925431002062558,0.002735767684811321,121
58.57618244489034,0.49499376040438015,0.2225510279337565,0.014392955407635098,0.5,1.5,2,1.0,1.0,1.0,"{'subsample': 0.5, 'scale_pos_weight': 1.5, 'max_depth': 2, 'colsample_bytree': 1.0, 'colsample_bynode': 1.0, 'colsample_bylevel': 1.0}",0.888144267415742,0.894338572791317,0.8951339412909203,0.892538509740105,0.0031245574676514202,123
66.34749285380046,1.0574713948096919,0.24878668785095215,0.03910964770976085,1.0,1.0,3,1.0,1.0,1.0,"{'subsample': 1.0, 'scale_pos_weight': 1.0, 'max_depth': 3, 'colsample_bytree': 1.0, 'colsample_bynode': 1.0, 'colsample_bylevel': 1.0}",0.8883948185632727,0.8944512794625522,0.8947443249366254,0.8925297481947001,0.0029266993410732665,124
21.859121322631836,0.16383192999029497,0.309905211130778,0.08674900542078234,0.5,0.5,2,1.0,0.5,0.5,"{'subsample': 0.5, 'scale_pos_weight': 0.5, 'max_depth': 2, 'colsample_bytree': 1.0, 'colsample_bynode': 0.5, 'colsample_bylevel': 0.5}",0.8888762602300262,0.8938092619440418,0.8948373191175795,0.8925072688404845,0.002601946179580334,125
22.235155900319416,0.05055153311504799,0.2627350489298503,0.04961209652421203,0.5,1.0,4,0.5,0.5,0.5,"{'subsample': 0.5, 'scale_pos_weight': 1.0, 'max_depth': 4, 'colsample_bytree': 0.5, 'colsample_bynode': 0.5, 'colsample_bylevel': 0.5}",0.889514702575315,0.8943802738532309,0.8935501951130094,0.8924814420252558,0.0021252889603199446,126
58.99135088920593,0.4069931773214658,0.22849138577779135,0.006077363972719683,0.5,0.5,4,1.0,0.5,1.0,"{'subsample': 0.5, 'scale_pos_weight': 0.5, 'max_depth': 4, 'colsample_bytree': 1.0, 'colsample_bynode': 0.5, 'colsample_bylevel': 1.0}",0.8890668545854435,0.8930608376223241,0.8952961933758717,0.8924743048411451,0.002576768615167189,127
57.8931991259257,1.4712364902708153,0.2324532667795817,0.005349762891279292,0.5,0.5,4,1.0,1.0,0.5,"{'subsample': 0.5, 'scale_pos_weight': 0.5, 'max_depth': 4, 'colsample_bytree': 1.0, 'colsample_bynode': 1.0, 'colsample_bylevel': 0.5}",0.8890668545854435,0.8930608376223241,0.8952961933758717,0.8924743048411451,0.002576768615167189,127
25.105225086212158,0.3581678805046102,1.0900026957194011,0.6143493035221136,0.5,1.5,5,0.5,0.5,0.5,"{'subsample': 0.5, 'scale_pos_weight': 1.5, 'max_depth': 5, 'colsample_bytree': 0.5, 'colsample_bynode': 0.5, 'colsample_bylevel': 0.5}",0.8892570427295322,0.8942881332027839,0.8938680742604057,0.8924707781125562,0.0022792377394910794,129
21.2205544312795,0.4713542612620923,0.21972266832987467,0.00878687305944463,0.5,1.5,2,1.0,0.5,0.5,"{'subsample': 0.5, 'scale_pos_weight': 1.5, 'max_depth': 2, 'colsample_bytree': 1.0, 'colsample_bynode': 0.5, 'colsample_bylevel': 0.5}",0.888675429349126,0.8942308653701944,0.8942619582672355,0.8923890648897392,0.0026263416912940918,130
21.86314590771993,0.45586246456021207,0.6481911341349283,0.5981789928139861,0.5,1.0,2,1.0,0.5,0.5,"{'subsample': 0.5, 'scale_pos_weight': 1.0, 'max_depth': 2, 'colsample_bytree': 1.0, 'colsample_bynode': 0.5, 'colsample_bylevel': 0.5}",0.8885352864407308,0.8941617293991266,0.8943957186909768,0.8923638811507539,0.0027092954201536016,131
45.78931021690369,0.6546713087378149,0.23297699292500815,0.007036442828315877,0.5,0.5,3,1.0,1.0,0.5,"{'subsample': 0.5, 'scale_pos_weight': 0.5, 'max_depth': 3, 'colsample_bytree': 1.0, 'colsample_bynode': 1.0, 'colsample_bylevel': 0.5}",0.8885462135254724,0.8939859834033026,0.8945528902371962,0.8923613333091678,0.0027079886003753663,132
47.27180806795756,0.5910264582055915,0.2353224754333496,0.02707282507479011,0.5,0.5,3,1.0,0.5,1.0,"{'subsample': 0.5, 'scale_pos_weight': 0.5, 'max_depth': 3, 'colsample_bytree': 1.0, 'colsample_bynode': 0.5, 'colsample_bylevel': 1.0}",0.8885462135254724,0.8939859834033026,0.8945528902371962,0.8923613333091678,0.0027079886003753663,132
24.83207130432129,0.24144888173165505,0.27913419405619305,0.027427388526767144,0.5,1.0,5,0.5,0.5,0.5,"{'subsample': 0.5, 'scale_pos_weight': 1.0, 'max_depth': 5, 'colsample_bytree': 0.5, 'colsample_bynode': 0.5, 'colsample_bylevel': 0.5}",0.8897237389250543,0.8940021191943159,0.8933512412162568,0.892358782798978,0.0018823702622170202,134
33.30698879559835,0.6374784173892644,0.2839057445526123,0.0629303180231665,0.5,1.0,2,0.5,1.0,1.0,"{'subsample': 0.5, 'scale_pos_weight': 1.0, 'max_depth': 2, 'colsample_bytree': 0.5, 'colsample_bynode': 1.0, 'colsample_bylevel': 1.0}",0.888365733832139,0.8936059591061339,0.8950111954751503,0.8923272531512666,0.0028597443015322735,135
41.28078524271647,0.8876180960768489,0.3831028938293457,0.1647060781709179,0.5,1.0,5,0.5,0.5,1.0,"{'subsample': 0.5, 'scale_pos_weight': 1.0, 'max_depth': 5, 'colsample_bytree': 0.5, 'colsample_bynode': 0.5, 'colsample_bylevel': 1.0}",0.8889506375243077,0.8940869438689888,0.8939135958874462,0.8923167393346932,0.00238158413424186,136
40.53494389851888,0.8363779438207134,0.2518293062845866,0.007624498739437621,0.5,1.0,5,0.5,1.0,0.5,"{'subsample': 0.5, 'scale_pos_weight': 1.0, 'max_depth': 5, 'colsample_bytree': 0.5, 'colsample_bynode': 1.0, 'colsample_bylevel': 0.5}",0.8889506375243077,0.8940869438689888,0.8939135958874462,0.8923167393346932,0.00238158413424186,136
34.64964985847473,0.9778942110608276,0.24515255292256674,0.01932046180416109,0.25,0.5,3,1.0,1.0,0.5,"{'subsample': 0.25, 'scale_pos_weight': 0.5, 'max_depth': 3, 'colsample_bytree': 1.0, 'colsample_bynode': 1.0, 'colsample_bylevel': 0.5}",0.8882929407620395,0.892831441137488,0.8958244068267808,0.8923158807543102,0.003096314146492738,138
34.99380079905192,0.9398926954825267,0.22678089141845703,0.004446456481065906,0.25,0.5,3,1.0,0.5,1.0,"{'subsample': 0.25, 'scale_pos_weight': 0.5, 'max_depth': 3, 'colsample_bytree': 1.0, 'colsample_bynode': 0.5, 'colsample_bylevel': 1.0}",0.8882929407620395,0.892831441137488,0.8958244068267808,0.8923158807543102,0.003096314146492738,138
22.403812249501545,0.7422063423491596,0.22248156865437826,0.00816224377753722,0.5,1.5,2,0.5,0.5,1.0,"{'subsample': 0.5, 'scale_pos_weight': 1.5, 'max_depth': 2, 'colsample_bytree': 0.5, 'colsample_bynode': 0.5, 'colsample_bylevel': 1.0}",0.8877108399280388,0.8939011993729395,0.8953190354780117,0.8923099213753234,0.0033036041468121626,140
21.629029194513958,0.8179089738331701,0.21857206026713052,0.011834918113406898,0.5,1.5,2,0.5,1.0,0.5,"{'subsample': 0.5, 'scale_pos_weight': 1.5, 'max_depth': 2, 'colsample_bytree': 0.5, 'colsample_bynode': 1.0, 'colsample_bylevel': 0.5}",0.8877108399280388,0.8939011993729395,0.8953190354780117,0.8923099213753234,0.0033036041468121626,140
22.4231854279836,1.3647701258039455,0.22515447934468588,0.003080702488523802,0.5,1.0,2,0.5,0.5,1.0,"{'subsample': 0.5, 'scale_pos_weight': 1.0, 'max_depth': 2, 'colsample_bytree': 0.5, 'colsample_bynode': 0.5, 'colsample_bylevel': 1.0}",0.8878517952590914,0.893794060972155,0.8952296992849447,0.8922914301008333,0.0031939731119825336,142
21.36366041501363,0.2962054436914642,0.22843043009440103,0.004505972520915034,0.5,1.0,2,0.5,1.0,0.5,"{'subsample': 0.5, 'scale_pos_weight': 1.0, 'max_depth': 2, 'colsample_bytree': 0.5, 'colsample_bynode': 1.0, 'colsample_bylevel': 0.5}",0.8878517952590914,0.893794060972155,0.8952296992849447,0.8922914301008333,0.0031939731119825336,142
34.056694984436035,0.5411442035555536,0.21187567710876465,0.004564096584496565,0.5,1.5,2,0.5,1.0,1.0,"{'subsample': 0.5, 'scale_pos_weight': 1.5, 'max_depth': 2, 'colsample_bytree': 0.5, 'colsample_bynode': 1.0, 'colsample_bylevel': 1.0}",0.8877302974506827,0.8941731504501969,0.8949165755218019,0.8922729096207864,0.0032268727477533137,144
71.41336139043172,0.9892062824710443,0.24076485633850098,0.005735611108154321,0.5,1.0,5,1.0,0.5,1.0,"{'subsample': 0.5, 'scale_pos_weight': 1.0, 'max_depth': 5, 'colsample_bytree': 1.0, 'colsample_bynode': 0.5, 'colsample_bylevel': 1.0}",0.8894870395838316,0.8934939433881666,0.8936294515172318,0.8922032201426948,0.001921699710474759,145
71.38601525624593,1.7120436634073286,0.29261549313863117,0.0517732820002366,0.5,1.0,5,1.0,1.0,0.5,"{'subsample': 0.5, 'scale_pos_weight': 1.0, 'max_depth': 5, 'colsample_bytree': 1.0, 'colsample_bynode': 1.0, 'colsample_bylevel': 0.5}",0.8894870395838316,0.8934939433881666,0.8936294515172318,0.8922032201426948,0.001921699710474759,145
61.28308836619059,1.011040038286086,0.2646342913309733,0.052988062035987986,0.25,1.5,3,1.0,1.0,1.0,"{'subsample': 0.25, 'scale_pos_weight': 1.5, 'max_depth': 3, 'colsample_bytree': 1.0, 'colsample_bynode': 1.0, 'colsample_bylevel': 1.0}",0.8883008212618158,0.894576626514153,0.8935061366811238,0.8921274979750379,0.002741311212341755,147
34.2474045753479,0.5700397129101545,0.2511150042215983,0.04872854379205765,0.5,1.5,2,1.0,0.5,1.0,"{'subsample': 0.5, 'scale_pos_weight': 1.5, 'max_depth': 2, 'colsample_bytree': 1.0, 'colsample_bynode': 0.5, 'colsample_bylevel': 1.0}",0.8875398249586639,0.893530604555658,0.8951825925298196,0.8920839090214524,0.0032836097628272725,148
32.56571173667908,0.19130576890745393,0.21389261881510416,0.003926161474163554,0.5,1.5,2,1.0,1.0,0.5,"{'subsample': 0.5, 'scale_pos_weight': 1.5, 'max_depth': 2, 'colsample_bytree': 1.0, 'colsample_bynode': 1.0, 'colsample_bylevel': 0.5}",0.8875398249586639,0.893530604555658,0.8951825925298196,0.8920839090214524,0.0032836097628272725,148
25.867424726486206,0.7901085256870863,0.2644507090250651,0.003098534074216618,0.5,0.5,5,0.5,0.5,0.5,"{'subsample': 0.5, 'scale_pos_weight': 0.5, 'max_depth': 5, 'colsample_bytree': 0.5, 'colsample_bynode': 0.5, 'colsample_bylevel': 0.5}",0.8892273080602726,0.8936900928275393,0.893322830843666,0.8920798062741088,0.0020228718528634794,150
26.05785059928894,0.46844333682717365,0.2138651212056478,0.0025278825679943225,0.25,0.5,2,0.5,1.0,1.0,"{'subsample': 0.25, 'scale_pos_weight': 0.5, 'max_depth': 2, 'colsample_bytree': 0.5, 'colsample_bynode': 1.0, 'colsample_bylevel': 1.0}",0.8879784519513743,0.8928843600289225,0.8953711414832491,0.8920775950945606,0.0030715572527685465,151
72.19126081466675,0.6547805877316435,0.2547437349955241,0.005917771282777079,0.5,1.5,5,1.0,1.0,0.5,"{'subsample': 0.5, 'scale_pos_weight': 1.5, 'max_depth': 5, 'colsample_bytree': 1.0, 'colsample_bynode': 1.0, 'colsample_bylevel': 0.5}",0.8879379933030375,0.8940356507499484,0.894185587609013,0.8920526863502335,0.0029105855754168546,152
72.74052755037944,1.0063590070801596,0.29526487986246747,0.06734326997458089,0.5,1.5,5,1.0,0.5,1.0,"{'subsample': 0.5, 'scale_pos_weight': 1.5, 'max_depth': 5, 'colsample_bytree': 1.0, 'colsample_bynode': 0.5, 'colsample_bylevel': 1.0}",0.8879379933030375,0.8940356507499484,0.894185587609013,0.8920526863502335,0.0029105855754168546,152
39.52892732620239,0.7120475124548964,0.48113218943277997,0.16262656802612815,0.5,1.5,5,0.5,1.0,0.5,"{'subsample': 0.5, 'scale_pos_weight': 1.5, 'max_depth': 5, 'colsample_bytree': 0.5, 'colsample_bynode': 1.0, 'colsample_bylevel': 0.5}",0.8886531689683143,0.8924299566447148,0.8950236326339667,0.8920352648041106,0.0026157220873932953,154
40.42719268798828,0.34667528202961934,0.4471743106842041,0.286211623075357,0.5,1.5,5,0.5,0.5,1.0,"{'subsample': 0.5, 'scale_pos_weight': 1.5, 'max_depth': 5, 'colsample_bytree': 0.5, 'colsample_bynode': 0.5, 'colsample_bylevel': 1.0}",0.8886531689683143,0.8924299566447148,0.8950236326339667,0.8920352648041106,0.0026157220873932953,154
61.13622315724691,0.7796262015798762,0.28112030029296875,0.04849358768398466,0.5,1.0,4,1.0,1.0,0.5,"{'subsample': 0.5, 'scale_pos_weight': 1.0, 'max_depth': 4, 'colsample_bytree': 1.0, 'colsample_bynode': 1.0, 'colsample_bylevel': 0.5}",0.8885577499272069,0.8935259711043344,0.8939809435088802,0.8920212258379813,0.0024564280302872203,156
59.27732038497925,1.1827437906406744,0.2358099619547526,0.021943344687505254,0.5,1.0,4,1.0,0.5,1.0,"{'subsample': 0.5, 'scale_pos_weight': 1.0, 'max_depth': 4, 'colsample_bytree': 1.0, 'colsample_bynode': 0.5, 'colsample_bylevel': 1.0}",0.8885577499272069,0.8935259711043344,0.8939809435088802,0.8920212258379813,0.0024564280302872203,156
34.357354402542114,0.05095490115722953,0.2849441369374593,0.07674867834146899,0.25,0.5,3,0.5,1.0,1.0,"{'subsample': 0.25, 'scale_pos_weight': 0.5, 'max_depth': 3, 'colsample_bytree': 0.5, 'colsample_bynode': 1.0, 'colsample_bylevel': 1.0}",0.8881574286627913,0.892500637099557,0.8953982105936141,0.8920183920176421,0.002975707015123,158
33.89838186899821,0.5687470360280696,0.24552178382873535,0.05178469053516015,0.5,1.0,2,1.0,1.0,0.5,"{'subsample': 0.5, 'scale_pos_weight': 1.0, 'max_depth': 2, 'colsample_bytree': 1.0, 'colsample_bynode': 1.0, 'colsample_bylevel': 0.5}",0.8875044845730686,0.8935981960429512,0.8949120640034076,0.8920044874006596,0.003227317617917078,159
33.76774628957113,0.49255483327714644,0.22197612126668295,0.012355346935860989,0.5,1.0,2,1.0,0.5,1.0,"{'subsample': 0.5, 'scale_pos_weight': 1.0, 'max_depth': 2, 'colsample_bytree': 1.0, 'colsample_bynode': 0.5, 'colsample_bylevel': 1.0}",0.8875044845730686,0.8935981960429512,0.8949120640034076,0.8920044874006596,0.003227317617917078,159
20.25687265396118,0.6491155148360399,0.3458700180053711,0.07931777990253383,0.25,0.5,4,0.5,0.5,0.5,"{'subsample': 0.25, 'scale_pos_weight': 0.5, 'max_depth': 4, 'colsample_bytree': 0.5, 'colsample_bynode': 0.5, 'colsample_bylevel': 0.5}",0.8890396384264219,0.8927314561352383,0.8942419612667857,0.8920040703400877,0.002185272365707725,161
19.097150564193726,0.24094458307955718,0.4027849038441976,0.19255322721016446,1.0,1.0,2,0.5,0.5,1.0,"{'subsample': 1.0, 'scale_pos_weight': 1.0, 'max_depth': 2, 'colsample_bytree': 0.5, 'colsample_bynode': 0.5, 'colsample_bylevel': 1.0}",0.8878069901495379,0.8933902191094101,0.8947544047254702,0.8919834745879058,0.0030056836503146375,162
19.457316557566326,0.48992769235175765,0.2213569482167562,0.0038140781284267274,1.0,1.0,2,0.5,1.0,0.5,"{'subsample': 1.0, 'scale_pos_weight': 1.0, 'max_depth': 2, 'colsample_bytree': 0.5, 'colsample_bynode': 1.0, 'colsample_bylevel': 0.5}",0.8878069901495379,0.8933902191094101,0.8947544047254702,0.8919834745879058,0.0030056836503146375,162
19.827222029368084,1.0253041628324335,0.23505417505900064,0.014071824773223973,1.0,1.0,2,1.0,0.5,0.5,"{'subsample': 1.0, 'scale_pos_weight': 1.0, 'max_depth': 2, 'colsample_bytree': 1.0, 'colsample_bynode': 0.5, 'colsample_bylevel': 0.5}",0.8873769748369955,0.8940890980174112,0.8944315263279614,0.8919654305191648,0.0032479999637792614,164
109.55852969487508,5.190140620089081,0.1625525951385498,0.0015566625277135895,0.5,0.5,5,1.0,1.0,1.0,"{'subsample': 0.5, 'scale_pos_weight': 0.5, 'max_depth': 5, 'colsample_bytree': 1.0, 'colsample_bynode': 1.0, 'colsample_bylevel': 1.0}",0.8880200479914312,0.8939340399753044,0.8938212113711398,0.8919247288587192,0.002761803820241274,165
19.721654017766316,0.5742148714518464,0.21860702832539877,0.001742552690704945,1.0,1.5,2,1.0,0.5,0.5,"{'subsample': 1.0, 'scale_pos_weight': 1.5, 'max_depth': 2, 'colsample_bytree': 1.0, 'colsample_bynode': 0.5, 'colsample_bylevel': 0.5}",0.8873278638873578,0.8943315413257117,0.8940831639481719,0.8919137540891606,0.00324476070264992,166
21.40534742673238,0.29621561470941415,0.21531462669372559,0.0024659215829904504,0.5,0.5,2,0.5,1.0,0.5,"{'subsample': 0.5, 'scale_pos_weight': 0.5, 'max_depth': 2, 'colsample_bytree': 0.5, 'colsample_bynode': 1.0, 'colsample_bylevel': 0.5}",0.8872775749248671,0.8932986068349911,0.895100043936499,0.891891636924719,0.0033449407867560065,167
21.774068276087444,0.31350844367726627,0.22025497754414877,0.010241839352743424,0.5,0.5,2,0.5,0.5,1.0,"{'subsample': 0.5, 'scale_pos_weight': 0.5, 'max_depth': 2, 'colsample_bytree': 0.5, 'colsample_bynode': 0.5, 'colsample_bylevel': 1.0}",0.8872775749248671,0.8932986068349911,0.895100043936499,0.891891636924719,0.0033449407867560065,167
58.378635009129844,1.38080595657564,0.21203462282816568,0.0009676727138881674,0.5,0.5,2,1.0,1.0,1.0,"{'subsample': 0.5, 'scale_pos_weight': 0.5, 'max_depth': 2, 'colsample_bytree': 1.0, 'colsample_bynode': 1.0, 'colsample_bylevel': 1.0}",0.8875609479477554,0.8929416278615118,0.8950124960930658,0.8918379510118952,0.0031406473008952908,169
28.512887239456177,1.3176367210092326,0.21824169158935547,0.007717702300064854,1.0,0.5,2,1.0,1.0,0.5,"{'subsample': 1.0, 'scale_pos_weight': 0.5, 'max_depth': 2, 'colsample_bytree': 1.0, 'colsample_bynode': 1.0, 'colsample_bylevel': 0.5}",0.8873940763339331,0.8931956954424316,0.8948886935252395,0.8918257341204088,0.003209401118248372,170
28.7590069770813,0.484617907748734,0.21830670038859049,0.0066684701507286875,1.0,0.5,2,1.0,0.5,1.0,"{'subsample': 1.0, 'scale_pos_weight': 0.5, 'max_depth': 2, 'colsample_bytree': 1.0, 'colsample_bynode': 0.5, 'colsample_bylevel': 1.0}",0.8873940763339331,0.8931956954424316,0.8948886935252395,0.8918257341204088,0.003209401118248372,170
35.49963275591532,1.0297629483885664,0.2317973772684733,0.010384929204465735,0.25,1.0,3,1.0,1.0,0.5,"{'subsample': 0.25, 'scale_pos_weight': 1.0, 'max_depth': 3, 'colsample_bytree': 1.0, 'colsample_bynode': 1.0, 'colsample_bylevel': 0.5}",0.8874842146277675,0.8932851942127381,0.8947042496471058,0.8918241405630374,0.003123419634143229,172
35.91131170590719,0.5759583628376059,0.22589333852132162,0.005699095118762395,0.25,1.0,3,1.0,0.5,1.0,"{'subsample': 0.25, 'scale_pos_weight': 1.0, 'max_depth': 3, 'colsample_bytree': 1.0, 'colsample_bynode': 0.5, 'colsample_bylevel': 1.0}",0.8874842146277675,0.8932851942127381,0.8947042496471058,0.8918241405630374,0.003123419634143229,172
25.736528078715008,0.6887846620289536,0.20953774452209473,0.0033444460030636275,0.25,1.5,2,0.5,1.0,1.0,"{'subsample': 0.25, 'scale_pos_weight': 1.5, 'max_depth': 2, 'colsample_bytree': 0.5, 'colsample_bynode': 1.0, 'colsample_bylevel': 1.0}",0.8878175110229506,0.8935784022640507,0.8940101667676678,0.8918016482164568,0.002823119469692484,174
22.599573373794556,0.4156050287021851,0.2288657029469808,0.007771600005722771,0.25,1.0,3,1.0,0.5,0.5,"{'subsample': 0.25, 'scale_pos_weight': 1.0, 'max_depth': 3, 'colsample_bytree': 1.0, 'colsample_bynode': 0.5, 'colsample_bylevel': 0.5}",0.8871670854434658,0.8932925914771321,0.8948908883179718,0.8917830832548997,0.0033290347501629923,175
22.39143180847168,0.5338574011012822,0.23366816838582358,0.0035703887456623746,0.25,1.5,3,0.5,0.5,1.0,"{'subsample': 0.25, 'scale_pos_weight': 1.5, 'max_depth': 3, 'colsample_bytree': 0.5, 'colsample_bynode': 0.5, 'colsample_bylevel': 1.0}",0.8880356058853197,0.8928109157610098,0.8944939966322124,0.8917798170825691,0.002735623944214595,176
23.15591247876485,1.5369932739992835,0.2747621536254883,0.0431613300303006,0.25,1.5,3,0.5,1.0,0.5,"{'subsample': 0.25, 'scale_pos_weight': 1.5, 'max_depth': 3, 'colsample_bytree': 0.5, 'colsample_bynode': 1.0, 'colsample_bylevel': 0.5}",0.8880356058853197,0.8928109157610098,0.8944939966322124,0.8917798170825691,0.002735623944214595,176
28.90522090593974,0.6916031750735738,0.215072234471639,0.009950432608127177,1.0,0.5,2,0.5,1.0,1.0,"{'subsample': 1.0, 'scale_pos_weight': 0.5, 'max_depth': 2, 'colsample_bytree': 0.5, 'colsample_bynode': 1.0, 'colsample_bylevel': 1.0}",0.8873848959579048,0.8936138847465562,0.8943304439293456,0.8917759910843451,0.0031191623425791625,178
26.579585711161297,0.813319843411253,0.21421376864115396,0.00255124669646501,0.25,1.0,2,0.5,1.0,1.0,"{'subsample': 0.25, 'scale_pos_weight': 1.0, 'max_depth': 2, 'colsample_bytree': 0.5, 'colsample_bynode': 1.0, 'colsample_bylevel': 1.0}",0.8881804202239948,0.892904194452133,0.8942341575592929,0.8917725828452048,0.0025977734901675965,179
18.89688793818156,0.18393006319260743,0.2369376023610433,0.006327172554109335,1.0,0.5,2,1.0,0.5,0.5,"{'subsample': 1.0, 'scale_pos_weight': 0.5, 'max_depth': 2, 'colsample_bytree': 1.0, 'colsample_bynode': 0.5, 'colsample_bylevel': 0.5}",0.8874858800942149,0.8937602855506633,0.89404377961192,0.8917629087942819,0.0030269600875346588,180
94.99124185244243,3.7208371962370808,0.16060090065002441,0.004007823732472488,0.5,1.5,5,1.0,1.0,1.0,"{'subsample': 0.5, 'scale_pos_weight': 1.5, 'max_depth': 5, 'colsample_bytree': 1.0, 'colsample_bynode': 1.0, 'colsample_bylevel': 1.0}",0.8868217245718208,0.8935873440122193,0.8947967560963417,0.8917348081808542,0.0035094716432260845,181
22.870620091756184,0.9700025929461573,0.23470807075500488,0.013510542324042377,0.25,1.0,3,0.5,0.5,1.0,"{'subsample': 0.25, 'scale_pos_weight': 1.0, 'max_depth': 3, 'colsample_bytree': 0.5, 'colsample_bynode': 0.5, 'colsample_bylevel': 1.0}",0.8879682966681572,0.8926643117353535,0.8945461432817599,0.8917258936132487,0.0027662137005667253,182
22.49600648880005,0.816014341225229,0.23034151395161948,0.002541555266358886,0.25,1.0,3,0.5,1.0,0.5,"{'subsample': 0.25, 'scale_pos_weight': 1.0, 'max_depth': 3, 'colsample_bytree': 0.5, 'colsample_bynode': 1.0, 'colsample_bylevel': 0.5}",0.8879682966681572,0.8926643117353535,0.8945461432817599,0.8917258936132487,0.0027662137005667253,182
34.73462533950806,0.48602247825096867,0.22060012817382812,0.004756883340211082,0.25,1.5,3,0.5,1.0,1.0,"{'subsample': 0.25, 'scale_pos_weight': 1.5, 'max_depth': 3, 'colsample_bytree': 0.5, 'colsample_bynode': 1.0, 'colsample_bylevel': 1.0}",0.887620823497603,0.8938143018384641,0.8937252501555661,0.8917197357925187,0.0028990095850326813,184
18.871110439300537,1.6245685162787158,0.2570038636525472,0.022477049392451265,0.25,1.0,4,0.5,0.5,0.5,"{'subsample': 0.25, 'scale_pos_weight': 1.0, 'max_depth': 4, 'colsample_bytree': 0.5, 'colsample_bynode': 0.5, 'colsample_bylevel': 0.5}",0.8888059450490313,0.893296330753639,0.8929437820099343,0.8916817460875265,0.0020388740454165017,185
34.955548445383705,1.4905627523013438,0.27982012430826825,0.09148043330491062,0.5,0.5,2,0.5,1.0,1.0,"{'subsample': 0.5, 'scale_pos_weight': 0.5, 'max_depth': 2, 'colsample_bytree': 0.5, 'colsample_bynode': 1.0, 'colsample_bylevel': 1.0}",0.8875274761342721,0.8925079124310216,0.8949748594621375,0.8916696891911465,0.0030976793920242194,186
28.6266610622406,0.021922845763748266,0.23171623547871908,0.023895710998559326,1.0,1.0,2,0.5,1.0,1.0,"{'subsample': 1.0, 'scale_pos_weight': 1.0, 'max_depth': 2, 'colsample_bytree': 0.5, 'colsample_bynode': 1.0, 'colsample_bylevel': 1.0}",0.8876709499755623,0.8935116236629547,0.8938153585905204,0.8916655979427875,0.002827764895325258,187
22.008339881896973,0.24662600455925943,0.427593469619751,0.2796120274448937,0.25,1.5,3,1.0,0.5,0.5,"{'subsample': 0.25, 'scale_pos_weight': 1.5, 'max_depth': 3, 'colsample_bytree': 1.0, 'colsample_bynode': 0.5, 'colsample_bylevel': 0.5}",0.887366047752254,0.8931634238604046,0.8944147808723002,0.8916476774332707,0.003070789175276301,188
34.25722781817118,0.37116986397295093,0.2261358896891276,0.008952723832085539,0.25,1.5,3,1.0,0.5,1.0,"{'subsample': 0.25, 'scale_pos_weight': 1.5, 'max_depth': 3, 'colsample_bytree': 1.0, 'colsample_bynode': 0.5, 'colsample_bylevel': 1.0}",0.886421768897601,0.8938103999847179,0.8946992097526835,0.891643296865418,0.0037104869453837615,189
35.61326273282369,0.4767088599183317,0.2425213654836019,0.0124406283704092,0.25,1.5,3,1.0,1.0,0.5,"{'subsample': 0.25, 'scale_pos_weight': 1.5, 'max_depth': 3, 'colsample_bytree': 1.0, 'colsample_bynode': 1.0, 'colsample_bylevel': 0.5}",0.886421768897601,0.8938103999847179,0.8946992097526835,0.891643296865418,0.0037104869453837615,189
35.53800892829895,0.6069135643515412,0.21947272618611655,0.0052935602735280415,0.5,0.5,2,1.0,0.5,1.0,"{'subsample': 0.5, 'scale_pos_weight': 0.5, 'max_depth': 2, 'colsample_bytree': 1.0, 'colsample_bynode': 0.5, 'colsample_bylevel': 1.0}",0.8871352384752971,0.8927710436930395,0.8950154631276853,0.8916401538261983,0.0033150434271480614,191
33.89489491780599,0.6792707305033235,0.45450282096862793,0.3343595532419703,0.5,0.5,2,1.0,1.0,0.5,"{'subsample': 0.5, 'scale_pos_weight': 0.5, 'max_depth': 2, 'colsample_bytree': 1.0, 'colsample_bynode': 1.0, 'colsample_bylevel': 0.5}",0.8871352384752971,0.8927710436930395,0.8950154631276853,0.8916401538261983,0.0033150434271480614,191
27.64273516337077,0.9194326469736918,0.21941900253295898,0.0113226264530139,1.0,1.5,2,1.0,1.0,0.5,"{'subsample': 1.0, 'scale_pos_weight': 1.5, 'max_depth': 2, 'colsample_bytree': 1.0, 'colsample_bynode': 1.0, 'colsample_bylevel': 0.5}",0.8873710441515967,0.8935868562805009,0.8939012806615593,0.891619323470915,0.003007155764667372,193
30.029759724934895,0.5800998450973515,0.26015059153238934,0.059090325250005585,1.0,1.5,2,1.0,0.5,1.0,"{'subsample': 1.0, 'scale_pos_weight': 1.5, 'max_depth': 2, 'colsample_bytree': 1.0, 'colsample_bynode': 0.5, 'colsample_bylevel': 1.0}",0.8873710441515967,0.8935868562805009,0.8939012806615593,0.891619323470915,0.003007155764667372,193
22.641432762145996,0.5299355552968281,0.24857942263285318,0.03866621753181932,0.25,0.5,3,0.5,1.0,0.5,"{'subsample': 0.25, 'scale_pos_weight': 0.5, 'max_depth': 3, 'colsample_bytree': 0.5, 'colsample_bynode': 1.0, 'colsample_bylevel': 0.5}",0.8878632504185601,0.8925612377655546,0.8943940116299629,0.8916058110845381,0.0027504847147274344,195
22.051888783772785,0.1602590244681425,0.22570069630940756,0.007479251451354357,0.25,0.5,3,0.5,0.5,1.0,"{'subsample': 0.25, 'scale_pos_weight': 0.5, 'max_depth': 3, 'colsample_bytree': 0.5, 'colsample_bynode': 0.5, 'colsample_bylevel': 1.0}",0.8878632504185601,0.8925612377655546,0.8943940116299629,0.8916058110845381,0.0027504847147274344,195
29.315352121988933,0.8378763910503365,0.3374813397725423,0.1269165643962046,1.0,1.0,2,1.0,0.5,1.0,"{'subsample': 1.0, 'scale_pos_weight': 1.0, 'max_depth': 2, 'colsample_bytree': 1.0, 'colsample_bynode': 0.5, 'colsample_bylevel': 1.0}",0.8876440994067364,0.8931321683861242,0.8939702946996975,0.8915818134390001,0.0028057209653927747,197
28.229881445566814,0.8691634599063968,0.654432455698649,0.31439017293824983,1.0,1.0,2,1.0,1.0,0.5,"{'subsample': 1.0, 'scale_pos_weight': 1.0, 'max_depth': 2, 'colsample_bytree': 1.0, 'colsample_bynode': 1.0, 'colsample_bylevel': 0.5}",0.8876440994067364,0.8931321683861242,0.8939702946996975,0.8915818134390001,0.0028057209653927747,197
41.96340950330099,0.6543948636034143,0.2531241575876872,0.06840558292455391,0.25,0.5,2,1.0,1.0,1.0,"{'subsample': 0.25, 'scale_pos_weight': 0.5, 'max_depth': 2, 'colsample_bytree': 1.0, 'colsample_bynode': 1.0, 'colsample_bylevel': 1.0}",0.8867599804498613,0.8932825929769073,0.8946816514108249,0.8915742842833934,0.003452283260855829,199
19.58373276392619,0.4173405376511238,0.2175928751627604,0.00126239643045397,1.0,0.5,2,0.5,1.0,0.5,"{'subsample': 1.0, 'scale_pos_weight': 0.5, 'max_depth': 2, 'colsample_bytree': 0.5, 'colsample_bynode': 1.0, 'colsample_bylevel': 0.5}",0.8872963418882522,0.8929934087122704,0.8944333146775951,0.8915739487464668,0.0030817348268921334,200
19.981622616449993,0.4446721804121904,0.22876946131388345,0.007582014571442162,1.0,0.5,2,0.5,0.5,1.0,"{'subsample': 1.0, 'scale_pos_weight': 0.5, 'max_depth': 2, 'colsample_bytree': 0.5, 'colsample_bynode': 0.5, 'colsample_bylevel': 1.0}",0.8872963418882522,0.8929934087122704,0.8944333146775951,0.8915739487464668,0.0030817348268921334,200
21.778682867685955,0.4410087310985493,0.223176638285319,0.0030309576011965543,0.25,0.5,3,1.0,0.5,0.5,"{'subsample': 0.25, 'scale_pos_weight': 0.5, 'max_depth': 3, 'colsample_bytree': 1.0, 'colsample_bynode': 0.5, 'colsample_bylevel': 0.5}",0.8873723846489816,0.8930153566395934,0.8943196731872333,0.8915687395307998,0.003015082033167192,202
42.318049907684326,0.8717485637107771,0.2383295694986979,0.03737215109611359,0.25,1.0,2,1.0,1.0,1.0,"{'subsample': 0.25, 'scale_pos_weight': 1.0, 'max_depth': 2, 'colsample_bytree': 1.0, 'colsample_bynode': 1.0, 'colsample_bylevel': 1.0}",0.8869155593887461,0.8934393174357179,0.8942851661681641,0.8915462411113717,0.0032930068459487644,203
18.241241852442425,0.9010633845503553,0.4645974636077881,0.1507674265202038,0.25,0.5,3,0.5,0.5,0.5,"{'subsample': 0.25, 'scale_pos_weight': 0.5, 'max_depth': 3, 'colsample_bytree': 0.5, 'colsample_bynode': 0.5, 'colsample_bylevel': 0.5}",0.8885827725450537,0.8917961492767956,0.8942289550876312,0.8915356784619977,0.00231244447946023,204
19.88772972424825,0.369989017084778,0.23095488548278809,0.012134261715491399,1.0,1.5,2,0.5,0.5,1.0,"{'subsample': 1.0, 'scale_pos_weight': 1.5, 'max_depth': 2, 'colsample_bytree': 0.5, 'colsample_bynode': 0.5, 'colsample_bylevel': 1.0}",0.8872536896987407,0.8932137008716984,0.8941068595808189,0.8915243443645956,0.0030421681804452985,205
19.631945927937824,1.0303907065039928,0.21123361587524414,0.008473912168183275,1.0,1.5,2,0.5,1.0,0.5,"{'subsample': 1.0, 'scale_pos_weight': 1.5, 'max_depth': 2, 'colsample_bytree': 0.5, 'colsample_bynode': 1.0, 'colsample_bylevel': 0.5}",0.8872536896987407,0.8932137008716984,0.8941068595808189,0.8915243443645956,0.0030421681804452985,205
103.2828278541565,5.302061407304793,0.16226871808369955,0.0034548535992262033,0.5,1.0,5,1.0,1.0,1.0,"{'subsample': 0.5, 'scale_pos_weight': 1.0, 'max_depth': 5, 'colsample_bytree': 1.0, 'colsample_bynode': 1.0, 'colsample_bylevel': 1.0}",0.8884885315167996,0.892139024674754,0.8938425902781248,0.8914897637246978,0.0022335228237526325,207
45.85892526308695,1.4621541799790767,0.2271126906077067,0.03273959382856526,1.0,1.5,2,1.0,1.0,1.0,"{'subsample': 1.0, 'scale_pos_weight': 1.5, 'max_depth': 2, 'colsample_bytree': 1.0, 'colsample_bynode': 1.0, 'colsample_bylevel': 1.0}",0.887455982940424,0.8929117136494567,0.8940621101956658,0.8914762203641169,0.002881667087354394,208
59.82708398501078,0.5222059358587863,0.22423601150512695,0.0014237591139864324,0.25,0.5,3,1.0,1.0,1.0,"{'subsample': 0.25, 'scale_pos_weight': 0.5, 'max_depth': 3, 'colsample_bytree': 1.0, 'colsample_bynode': 1.0, 'colsample_bylevel': 1.0}",0.8866953928486009,0.8930615692199015,0.8945814225427161,0.8914456769560805,0.0034162509667983614,209
17.758039633433025,0.24744357461535918,0.2276006539662679,0.009768812552822848,0.25,0.5,2,1.0,0.5,0.5,"{'subsample': 0.25, 'scale_pos_weight': 0.5, 'max_depth': 2, 'colsample_bytree': 1.0, 'colsample_bynode': 0.5, 'colsample_bylevel': 0.5}",0.8874786495325645,0.8932017108002905,0.8935584052636006,0.8914125481694051,0.002785890792680822,210
27.947263320287068,0.7967242174274127,0.21514995892842612,0.00210593082082786,1.0,1.5,2,0.5,1.0,1.0,"{'subsample': 1.0, 'scale_pos_weight': 1.5, 'max_depth': 2, 'colsample_bytree': 0.5, 'colsample_bynode': 1.0, 'colsample_bylevel': 1.0}",0.887877427193931,0.8928429841214874,0.8935180454639121,0.8914124831179582,0.002515161015544716,211
18.534042437871296,0.34290358931445836,0.23742135365804037,0.006937528030507125,0.25,1.5,4,0.5,0.5,0.5,"{'subsample': 0.25, 'scale_pos_weight': 1.5, 'max_depth': 4, 'colsample_bytree': 0.5, 'colsample_bynode': 0.5, 'colsample_bylevel': 0.5}",0.8876711937023597,0.8930760385942109,0.8934687032717451,0.8914049571716302,0.0026454066671780536,212
27.772948106129963,0.7088349080093023,0.22164463996887207,0.0009236146404365093,0.25,0.5,2,1.0,0.5,1.0,"{'subsample': 0.25, 'scale_pos_weight': 0.5, 'max_depth': 2, 'colsample_bytree': 1.0, 'colsample_bynode': 0.5, 'colsample_bylevel': 1.0}",0.8873484588017221,0.8925999311485392,0.894138562142508,0.8913619361086939,0.0029070297612179543,213
25.650672276814777,0.17167889920024546,0.3703165849049886,0.22639902062883827,0.25,0.5,2,1.0,1.0,0.5,"{'subsample': 0.25, 'scale_pos_weight': 0.5, 'max_depth': 2, 'colsample_bytree': 1.0, 'colsample_bynode': 1.0, 'colsample_bylevel': 0.5}",0.8873484588017221,0.8925999311485392,0.894138562142508,0.8913619361086939,0.0029070297612179543,213
17.959942897160847,0.2782029805557604,0.23270463943481445,0.013758876165216493,0.25,0.5,2,0.5,0.5,1.0,"{'subsample': 0.25, 'scale_pos_weight': 0.5, 'max_depth': 2, 'colsample_bytree': 0.5, 'colsample_bynode': 0.5, 'colsample_bylevel': 1.0}",0.8868255429583103,0.8924442634417845,0.8946684826544311,0.8913123368004643,0.0033004507092900116,215
18.053817351659138,0.8435101367184251,0.291793425877889,0.10719799305172577,0.25,0.5,2,0.5,1.0,0.5,"{'subsample': 0.25, 'scale_pos_weight': 0.5, 'max_depth': 2, 'colsample_bytree': 0.5, 'colsample_bynode': 1.0, 'colsample_bylevel': 0.5}",0.8868255429583103,0.8924442634417845,0.8946684826544311,0.8913123368004643,0.0033004507092900116,215
60.56176686286926,0.5790600959087427,0.2315057913462321,0.013903970832866356,0.25,1.0,3,1.0,1.0,1.0,"{'subsample': 0.25, 'scale_pos_weight': 1.0, 'max_depth': 3, 'colsample_bytree': 1.0, 'colsample_bynode': 1.0, 'colsample_bylevel': 1.0}",0.8859440643750716,0.8939934213120064,0.8939915110294431,0.891309155921604,0.0037942332219330255,217
27.009714047114056,0.3687271782335161,0.2776815891265869,0.09862298368034912,0.25,1.0,2,1.0,0.5,1.0,"{'subsample': 0.25, 'scale_pos_weight': 1.0, 'max_depth': 2, 'colsample_bytree': 1.0, 'colsample_bynode': 0.5, 'colsample_bylevel': 1.0}",0.8870127657596997,0.8930257209386071,0.8938594983110257,0.8912989211781448,0.0030502516230013757,218
26.368008454640705,0.46483452450454826,0.21822023391723633,0.003970314738071864,0.25,1.0,2,1.0,1.0,0.5,"{'subsample': 0.25, 'scale_pos_weight': 1.0, 'max_depth': 2, 'colsample_bytree': 1.0, 'colsample_bynode': 1.0, 'colsample_bylevel': 0.5}",0.8870127657596997,0.8930257209386071,0.8938594983110257,0.8912989211781448,0.0030502516230013757,218
26.529812494913738,0.8080321236660932,0.21401500701904297,0.0024564082197052867,0.25,1.5,2,1.0,0.5,1.0,"{'subsample': 0.25, 'scale_pos_weight': 1.5, 'max_depth': 2, 'colsample_bytree': 1.0, 'colsample_bynode': 0.5, 'colsample_bylevel': 1.0}",0.8868792440959621,0.8933331544983699,0.8936819639655676,0.8912977011271642,0.003128008817511802,220
26.37989600499471,1.6837329283049796,0.3468345006306966,0.12730642780490756,0.25,1.5,2,1.0,1.0,0.5,"{'subsample': 0.25, 'scale_pos_weight': 1.5, 'max_depth': 2, 'colsample_bytree': 1.0, 'colsample_bynode': 1.0, 'colsample_bylevel': 0.5}",0.8868792440959621,0.8933331544983699,0.8936819639655676,0.8912977011271642,0.003128008817511802,220
72.3383473555247,0.4308663857278187,0.29564181963602704,0.07566992142300455,0.5,0.5,5,1.0,0.5,1.0,"{'subsample': 0.5, 'scale_pos_weight': 0.5, 'max_depth': 5, 'colsample_bytree': 1.0, 'colsample_bynode': 0.5, 'colsample_bylevel': 1.0}",0.8874496054225638,0.8919697004798872,0.8944472150315663,0.8912884756423717,0.002897149986761634,222
71.71485193570454,2.0276598420514915,0.2834303379058838,0.04923206849656632,0.5,0.5,5,1.0,1.0,0.5,"{'subsample': 0.5, 'scale_pos_weight': 0.5, 'max_depth': 5, 'colsample_bytree': 1.0, 'colsample_bynode': 1.0, 'colsample_bylevel': 0.5}",0.8874496054225638,0.8919697004798872,0.8944472150315663,0.8912884756423717,0.002897149986761634,222
17.43397307395935,0.5188050349347222,0.36110909779866535,0.14730337348962752,0.25,1.0,3,0.5,0.5,0.5,"{'subsample': 0.25, 'scale_pos_weight': 1.0, 'max_depth': 3, 'colsample_bytree': 0.5, 'colsample_bynode': 0.5, 'colsample_bylevel': 0.5}",0.887956029086031,0.8928564780323603,0.8930141373102978,0.8912752328390346,0.002348248062160621,224
18.23562741279602,0.6496199505644236,0.26506614685058594,0.024155017162418975,0.5,1.5,2,0.5,0.5,0.5,"{'subsample': 0.5, 'scale_pos_weight': 1.5, 'max_depth': 2, 'colsample_bytree': 0.5, 'colsample_bynode': 0.5, 'colsample_bylevel': 0.5}",0.8873711253938625,0.8934851642172373,0.8929616248619617,0.891272267573268,0.0027671829735971603,225
26.985868374506634,0.5916934182302934,0.23397453625996908,0.003951560617725976,0.25,1.0,4,1.0,0.5,0.5,"{'subsample': 0.25, 'scale_pos_weight': 1.0, 'max_depth': 4, 'colsample_bytree': 1.0, 'colsample_bynode': 0.5, 'colsample_bylevel': 0.5}",0.8865903465990036,0.8930951414198439,0.8939079463283759,0.8911973738099359,0.003274976696432147,226
46.89486257235209,0.9291063859556103,0.1991438070933024,0.006209352169637629,1.0,1.0,2,1.0,1.0,1.0,"{'subsample': 1.0, 'scale_pos_weight': 1.0, 'max_depth': 2, 'colsample_bytree': 1.0, 'colsample_bynode': 1.0, 'colsample_bylevel': 1.0}",0.8868895212425778,0.8930640891671128,0.8936347759218232,0.8911957197149053,0.003054274104049354,227
18.04740071296692,0.5425911415780759,0.3264945348103841,0.10786353251117257,0.25,1.5,3,0.5,0.5,0.5,"{'subsample': 0.25, 'scale_pos_weight': 1.5, 'max_depth': 3, 'colsample_bytree': 0.5, 'colsample_bynode': 0.5, 'colsample_bylevel': 0.5}",0.8877396809323752,0.8923168028860711,0.8934970730000256,0.8911841917322332,0.0024831771582625797,228
20.011375427246094,1.5732596544494923,0.2250521183013916,0.002900899215271479,0.25,1.5,2,0.5,0.5,1.0,"{'subsample': 0.25, 'scale_pos_weight': 1.5, 'max_depth': 2, 'colsample_bytree': 0.5, 'colsample_bynode': 0.5, 'colsample_bylevel': 1.0}",0.8867243557163358,0.8922975781275087,0.8944426628688624,0.8911544447397992,0.003253070258138097,229
18.521835168202717,1.090858416836563,0.21198352177937826,0.010108005211207732,0.25,1.5,2,0.5,1.0,0.5,"{'subsample': 0.25, 'scale_pos_weight': 1.5, 'max_depth': 2, 'colsample_bytree': 0.5, 'colsample_bynode': 1.0, 'colsample_bylevel': 0.5}",0.8867243557163358,0.8922975781275087,0.8944426628688624,0.8911544447397992,0.003253070258138097,229
43.158121744791664,1.179962899334621,0.23120681444803873,0.0048649782675057925,0.25,1.0,4,0.5,1.0,1.0,"{'subsample': 0.25, 'scale_pos_weight': 1.0, 'max_depth': 4, 'colsample_bytree': 0.5, 'colsample_bynode': 1.0, 'colsample_bylevel': 1.0}",0.8867131849047971,0.8941683137773235,0.8925463619481468,0.8911421994810518,0.0032014517264931787,231
27.13538384437561,0.448831107828085,0.23680384953816733,0.0033818995666111337,0.25,0.5,4,0.5,0.5,1.0,"{'subsample': 0.25, 'scale_pos_weight': 0.5, 'max_depth': 4, 'colsample_bytree': 0.5, 'colsample_bynode': 0.5, 'colsample_bylevel': 1.0}",0.8879656562945207,0.8925240888663448,0.892931019696639,0.8911399534138752,0.0022510248827447626,232
26.946340799331665,1.221739262600377,0.24179697036743164,0.005587370510366042,0.25,0.5,4,0.5,1.0,0.5,"{'subsample': 0.25, 'scale_pos_weight': 0.5, 'max_depth': 4, 'colsample_bytree': 0.5, 'colsample_bynode': 1.0, 'colsample_bylevel': 0.5}",0.8879656562945207,0.8925240888663448,0.892931019696639,0.8911399534138752,0.0022510248827447626,232
26.956692059834797,0.7400389702836913,0.2366774082183838,0.000950100540563078,0.25,1.5,4,1.0,0.5,0.5,"{'subsample': 0.25, 'scale_pos_weight': 1.5, 'max_depth': 4, 'colsample_bytree': 1.0, 'colsample_bynode': 0.5, 'colsample_bylevel': 0.5}",0.8871318263001362,0.8929423188147794,0.8933138078068779,0.8911289379396725,0.002830852483575752,234
27.091889540354412,0.5734947477200952,0.23561358451843262,0.006444349730883744,0.25,1.5,4,0.5,0.5,1.0,"{'subsample': 0.25, 'scale_pos_weight': 1.5, 'max_depth': 4, 'colsample_bytree': 0.5, 'colsample_bynode': 0.5, 'colsample_bylevel': 1.0}",0.8865933525628361,0.8924456453483198,0.8942812236701081,0.8911063118238238,0.0032783848690039947,235
26.434507369995117,0.6918234143347227,0.22996910413106283,0.0038897592125408122,0.25,1.5,4,0.5,1.0,0.5,"{'subsample': 0.25, 'scale_pos_weight': 1.5, 'max_depth': 4, 'colsample_bytree': 0.5, 'colsample_bynode': 1.0, 'colsample_bylevel': 0.5}",0.8865933525628361,0.8924456453483198,0.8942812236701081,0.8911063118238238,0.0032783848690039947,235
15.691474994023642,1.174676054322905,0.24034897486368814,0.007972400322205288,0.25,1.0,2,0.5,0.5,0.5,"{'subsample': 0.25, 'scale_pos_weight': 1.0, 'max_depth': 2, 'colsample_bytree': 0.5, 'colsample_bynode': 0.5, 'colsample_bylevel': 0.5}",0.8870038697316015,0.8929246791843012,0.893382212180368,0.8911031976212525,0.002905086083167762,237
44.07203006744385,0.325441212607328,0.26473522186279297,0.040678068497744906,0.25,0.5,4,1.0,0.5,1.0,"{'subsample': 0.25, 'scale_pos_weight': 0.5, 'max_depth': 4, 'colsample_bytree': 1.0, 'colsample_bynode': 0.5, 'colsample_bylevel': 1.0}",0.8863649805538513,0.8922584376571157,0.89466307696122,0.8910950490634268,0.0034861993012756704,238
44.547432820002236,0.3482242156963182,0.23722521464029947,0.0021015232991156685,0.25,0.5,4,1.0,1.0,0.5,"{'subsample': 0.25, 'scale_pos_weight': 0.5, 'max_depth': 4, 'colsample_bytree': 1.0, 'colsample_bynode': 1.0, 'colsample_bylevel': 0.5}",0.8863649805538513,0.8922584376571157,0.89466307696122,0.8910950490634268,0.0034861993012756704,238
47.37975780169169,0.6546530912573506,0.20694375038146973,0.007082442039912416,1.0,0.5,2,1.0,1.0,1.0,"{'subsample': 1.0, 'scale_pos_weight': 0.5, 'max_depth': 2, 'colsample_bytree': 1.0, 'colsample_bynode': 1.0, 'colsample_bylevel': 1.0}",0.8863694488784667,0.8929792238481301,0.8938897376775597,0.8910790227542804,0.0033513225673875435,240
42.780668338139854,1.1760773539429767,0.22833522160847983,0.009866292143788606,0.25,1.5,2,1.0,1.0,1.0,"{'subsample': 0.25, 'scale_pos_weight': 1.5, 'max_depth': 2, 'colsample_bytree': 1.0, 'colsample_bynode': 1.0, 'colsample_bylevel': 1.0}",0.8862700489663383,0.8934914234409554,0.8934359439579999,0.8910653499311153,0.0033913485783775314,241
43.66194121042887,1.3791093715863696,0.28127574920654297,0.07035062691563548,0.25,0.5,4,0.5,1.0,1.0,"{'subsample': 0.25, 'scale_pos_weight': 0.5, 'max_depth': 4, 'colsample_bytree': 0.5, 'colsample_bynode': 1.0, 'colsample_bylevel': 1.0}",0.8874223486424092,0.8916337346146045,0.894121450888058,0.8910588326048345,0.0027650044317955643,242
17.854506095250446,0.4648602313377048,0.22710617383321127,0.006571155395189485,0.25,1.0,2,0.5,1.0,0.5,"{'subsample': 0.25, 'scale_pos_weight': 1.0, 'max_depth': 2, 'colsample_bytree': 0.5, 'colsample_bynode': 1.0, 'colsample_bylevel': 0.5}",0.8869527683464534,0.8917520908449098,0.894273826405714,0.8909925114483748,0.0030367491250503187,243
18.483068307240803,0.3458203343912339,0.28757158915201825,0.03836453033073704,0.25,1.0,2,0.5,0.5,1.0,"{'subsample': 0.25, 'scale_pos_weight': 1.0, 'max_depth': 2, 'colsample_bytree': 0.5, 'colsample_bynode': 0.5, 'colsample_bylevel': 1.0}",0.8869527683464534,0.8917520908449098,0.894273826405714,0.8909925114483748,0.0030367491250503187,243
17.188180446624756,0.404151517548534,0.4139542579650879,0.1277125279119007,0.5,1.0,2,0.5,0.5,0.5,"{'subsample': 0.5, 'scale_pos_weight': 1.0, 'max_depth': 2, 'colsample_bytree': 0.5, 'colsample_bynode': 0.5, 'colsample_bylevel': 0.5}",0.8869729570494889,0.8932916973023153,0.8926238706470453,0.890962462687881,0.0028345494416668077,245
15.80465038617452,0.43129778295895427,0.39581743876139325,0.11639878116325098,1.0,1.0,2,0.5,0.5,0.5,"{'subsample': 1.0, 'scale_pos_weight': 1.0, 'max_depth': 2, 'colsample_bytree': 0.5, 'colsample_bynode': 0.5, 'colsample_bylevel': 0.5}",0.8861947780071336,0.8930425070385783,0.893631077289626,0.8909556685232436,0.0033754998591062255,246
25.79416823387146,0.35143459978276526,0.24521295229593912,0.00826084432130357,0.25,0.5,4,1.0,0.5,0.5,"{'subsample': 0.25, 'scale_pos_weight': 0.5, 'max_depth': 4, 'colsample_bytree': 1.0, 'colsample_bynode': 0.5, 'colsample_bylevel': 0.5}",0.8857503421924233,0.8923444003724645,0.8947083953667113,0.8909338869057915,0.0037907413636670503,247
16.004490613937378,0.8645789629189448,0.25139522552490234,0.026645010851888175,0.25,1.5,2,0.5,0.5,0.5,"{'subsample': 0.25, 'scale_pos_weight': 1.5, 'max_depth': 2, 'colsample_bytree': 0.5, 'colsample_bynode': 0.5, 'colsample_bylevel': 0.5}",0.8865857970321225,0.8930624633947184,0.8930093006374247,0.8908854452480566,0.0030408210428752294,248
17.827723741531372,0.20971107052229473,0.24891440073649088,0.05020597988903547,0.25,1.5,2,1.0,0.5,0.5,"{'subsample': 0.25, 'scale_pos_weight': 1.5, 'max_depth': 2, 'colsample_bytree': 1.0, 'colsample_bynode': 0.5, 'colsample_bylevel': 0.5}",0.8859482077306241,0.8936226232731758,0.8929799554457076,0.8908497965291653,0.0034763544479137045,249
16.526267369588215,0.5812331883025076,0.24435798327128092,0.01199399618792166,1.0,1.5,2,0.5,0.5,0.5,"{'subsample': 1.0, 'scale_pos_weight': 1.5, 'max_depth': 2, 'colsample_bytree': 0.5, 'colsample_bynode': 0.5, 'colsample_bylevel': 0.5}",0.8858006717760469,0.8932830400643157,0.8934625659809565,0.8908482797821795,0.003570458626344056,250
17.790184656778973,0.33156528984809275,0.23336172103881836,0.0049828771231706865,0.25,1.0,2,1.0,0.5,0.5,"{'subsample': 0.25, 'scale_pos_weight': 1.0, 'max_depth': 2, 'colsample_bytree': 1.0, 'colsample_bynode': 0.5, 'colsample_bylevel': 0.5}",0.8865713765299543,0.8926015569209335,0.8932192691421491,0.8907969994562592,0.002999012762112929,251
16.70431160926819,0.31346992545920427,0.25285816192626953,0.01727348081585769,1.0,0.5,2,0.5,0.5,0.5,"{'subsample': 1.0, 'scale_pos_weight': 0.5, 'max_depth': 2, 'colsample_bytree': 0.5, 'colsample_bynode': 0.5, 'colsample_bylevel': 0.5}",0.8866010705780811,0.8920507045894336,0.8937262662633125,0.8907922823377044,0.0030419573322452284,252
45.579137086868286,0.43217199656317407,0.27487611770629883,0.05822103627383327,0.25,1.5,4,0.5,1.0,1.0,"{'subsample': 0.25, 'scale_pos_weight': 1.5, 'max_depth': 4, 'colsample_bytree': 0.5, 'colsample_bynode': 1.0, 'colsample_bylevel': 1.0}",0.8869283956667324,0.8925327461043444,0.8927393411313507,0.8907331328742673,0.0026920602179804076,253
17.78654893239339,0.6617900727560718,0.3477474848429362,0.07497011657123202,0.5,0.5,2,0.5,0.5,0.5,"{'subsample': 0.5, 'scale_pos_weight': 0.5, 'max_depth': 2, 'colsample_bytree': 0.5, 'colsample_bynode': 0.5, 'colsample_bylevel': 0.5}",0.8863149353181577,0.8924238193539261,0.8934068832764516,0.8907147946900388,0.003137386412929069,254
26.61416459083557,0.6867852437740894,0.252818504969279,0.02156066994745277,0.25,1.0,4,0.5,1.0,0.5,"{'subsample': 0.25, 'scale_pos_weight': 1.0, 'max_depth': 4, 'colsample_bytree': 0.5, 'colsample_bynode': 1.0, 'colsample_bylevel': 0.5}",0.8874989600989985,0.8914817248957372,0.8931409882013632,0.8907069196623489,0.002367653730553683,255
27.600595871607464,0.5244870220803701,0.24913271268208823,0.008867897172352646,0.25,1.0,4,0.5,0.5,1.0,"{'subsample': 0.25, 'scale_pos_weight': 1.0, 'max_depth': 4, 'colsample_bytree': 0.5, 'colsample_bynode': 0.5, 'colsample_bylevel': 1.0}",0.8874989600989985,0.8914817248957372,0.8931409882013632,0.8907069196623489,0.002367653730553683,255
14.937421798706055,0.3207094651482178,0.2326507568359375,0.0038379913041839343,0.25,0.5,2,0.5,0.5,0.5,"{'subsample': 0.25, 'scale_pos_weight': 0.5, 'max_depth': 2, 'colsample_bytree': 0.5, 'colsample_bynode': 0.5, 'colsample_bylevel': 0.5}",0.8867836219491905,0.8918104560738652,0.8934981703963918,0.8906970443888478,0.002852070242898024,257
74.98175406455994,0.8386174489146638,0.23202935854593912,0.014106035118144579,0.25,0.5,4,1.0,1.0,1.0,"{'subsample': 0.25, 'scale_pos_weight': 0.5, 'max_depth': 4, 'colsample_bytree': 1.0, 'colsample_bynode': 1.0, 'colsample_bylevel': 1.0}",0.8863921154706073,0.891358735214108,0.8941948951559706,0.8906481776472681,0.003224921741963658,258
21.494694709777832,0.43325833172949213,0.3400251070658366,0.052451485175350546,0.25,0.5,5,0.5,0.5,0.5,"{'subsample': 0.25, 'scale_pos_weight': 0.5, 'max_depth': 5, 'colsample_bytree': 0.5, 'colsample_bynode': 0.5, 'colsample_bylevel': 0.5}",0.8869312391460333,0.8917269726614179,0.8927060940858871,0.8904544339493606,0.0025234865071829546,259
45.1014674504598,0.662807445237883,0.2348515192667643,0.01020956035593208,0.25,1.0,4,1.0,0.5,1.0,"{'subsample': 0.25, 'scale_pos_weight': 1.0, 'max_depth': 4, 'colsample_bytree': 1.0, 'colsample_bynode': 0.5, 'colsample_bylevel': 1.0}",0.8862335305678901,0.8912090015765928,0.8935661276824736,0.8903358302491792,0.0030565910070705924,260
43.86155366897583,0.9525945757180244,0.31067347526550293,0.0442201339989998,0.25,1.0,4,1.0,1.0,0.5,"{'subsample': 0.25, 'scale_pos_weight': 1.0, 'max_depth': 4, 'colsample_bytree': 1.0, 'colsample_bynode': 1.0, 'colsample_bylevel': 0.5}",0.8862335305678901,0.8912090015765928,0.8935661276824736,0.8903358302491792,0.0030565910070705924,260
43.47710990905762,0.35997256654661036,0.23363391558329263,0.010968869574713044,0.25,1.5,4,1.0,0.5,1.0,"{'subsample': 0.25, 'scale_pos_weight': 1.5, 'max_depth': 4, 'colsample_bytree': 1.0, 'colsample_bynode': 0.5, 'colsample_bylevel': 1.0}",0.8856388371827002,0.8904958565158315,0.894222695863913,0.8901187042944341,0.0035145601509077216,262
43.65981658299764,1.3558706902492634,0.26382048924763996,0.035738368145461566,0.25,1.5,4,1.0,1.0,0.5,"{'subsample': 0.25, 'scale_pos_weight': 1.5, 'max_depth': 4, 'colsample_bytree': 1.0, 'colsample_bynode': 1.0, 'colsample_bylevel': 0.5}",0.8856388371827002,0.8904958565158315,0.894222695863913,0.8901187042944341,0.0035145601509077216,262
76.10209051767985,2.008572207933091,0.23112408320109049,0.008404685745138356,0.25,1.0,4,1.0,1.0,1.0,"{'subsample': 0.25, 'scale_pos_weight': 1.0, 'max_depth': 4, 'colsample_bytree': 1.0, 'colsample_bynode': 1.0, 'colsample_bylevel': 1.0}",0.8853893421846238,0.8922963994425226,0.8921977150581885,0.8899607179759713,0.0032331623771228194,264
20.770222584406536,0.5742378893077742,0.2832179069519043,0.03604935350625721,0.25,1.0,5,0.5,0.5,0.5,"{'subsample': 0.25, 'scale_pos_weight': 1.0, 'max_depth': 5, 'colsample_bytree': 0.5, 'colsample_bynode': 0.5, 'colsample_bylevel': 0.5}",0.8865787289550036,0.8919853078948727,0.891250621349887,0.8899379002993848,0.0023944886939632976,265
76.73531484603882,0.9777097819715157,0.2067128817240397,0.0321800366019954,0.25,1.5,4,1.0,1.0,1.0,"{'subsample': 0.25, 'scale_pos_weight': 1.5, 'max_depth': 4, 'colsample_bytree': 1.0, 'colsample_bynode': 1.0, 'colsample_bylevel': 1.0}",0.8856778334702536,0.8917552204567688,0.8920117673405898,0.8898145474602509,0.002927389283715115,266
31.29097628593445,1.3720771599181865,0.24254576365152994,0.00944344421915626,0.25,1.0,5,1.0,0.5,0.5,"{'subsample': 0.25, 'scale_pos_weight': 1.0, 'max_depth': 5, 'colsample_bytree': 1.0, 'colsample_bynode': 0.5, 'colsample_bylevel': 0.5}",0.8854705844503603,0.8914860331925821,0.8924875902760928,0.8898143233446376,0.0030990147683021686,267
31.46868324279785,0.09982308005808413,0.25351730982462567,0.005738422021577831,0.25,0.5,5,0.5,0.5,1.0,"{'subsample': 0.25, 'scale_pos_weight': 0.5, 'max_depth': 5, 'colsample_bytree': 0.5, 'colsample_bynode': 0.5, 'colsample_bylevel': 1.0}",0.886594896165885,0.8903301090202324,0.8918871925308764,0.8896037800802715,0.002220816896895386,268
31.659969011942547,1.4803963032209557,0.30479009946187335,0.08056860178161815,0.25,0.5,5,0.5,1.0,0.5,"{'subsample': 0.25, 'scale_pos_weight': 0.5, 'max_depth': 5, 'colsample_bytree': 0.5, 'colsample_bynode': 1.0, 'colsample_bylevel': 0.5}",0.886594896165885,0.8903301090202324,0.8918871925308764,0.8896037800802715,0.002220816896895386,268
52.16248552004496,1.7624790349519432,0.24978025754292807,0.004353843659823295,0.25,0.5,5,1.0,1.0,0.5,"{'subsample': 0.25, 'scale_pos_weight': 0.5, 'max_depth': 5, 'colsample_bytree': 1.0, 'colsample_bynode': 1.0, 'colsample_bylevel': 0.5}",0.8857359623113878,0.8902179307250254,0.8925869249693847,0.8895132471831932,0.002840992840424839,270
51.76355083783468,0.7383388744410946,0.2525600592295329,0.010279353245350894,0.25,0.5,5,1.0,0.5,1.0,"{'subsample': 0.25, 'scale_pos_weight': 0.5, 'max_depth': 5, 'colsample_bytree': 1.0, 'colsample_bynode': 0.5, 'colsample_bylevel': 1.0}",0.8857359623113878,0.8902179307250254,0.8925869249693847,0.8895132471831932,0.002840992840424839,270
30.519015947977703,0.7091552214807518,0.24313131968180338,0.005787654614745335,0.25,1.5,5,1.0,0.5,0.5,"{'subsample': 0.25, 'scale_pos_weight': 1.5, 'max_depth': 5, 'colsample_bytree': 1.0, 'colsample_bynode': 0.5, 'colsample_bylevel': 0.5}",0.8838933471033558,0.891862480790483,0.8926549635440861,0.8894697340903097,0.00395691020403606,272
31.228344996770222,1.378876304999531,0.24901684125264487,0.005508001875379222,0.25,1.0,5,0.5,1.0,0.5,"{'subsample': 0.25, 'scale_pos_weight': 1.0, 'max_depth': 5, 'colsample_bytree': 0.5, 'colsample_bynode': 1.0, 'colsample_bylevel': 0.5}",0.8851262797281698,0.8900274308447228,0.8924615779177839,0.8892047087379855,0.0030506687664372837,273
32.58892250061035,0.5198290760104818,0.2467637856801351,0.00792606861502172,0.25,1.0,5,0.5,0.5,1.0,"{'subsample': 0.25, 'scale_pos_weight': 1.0, 'max_depth': 5, 'colsample_bytree': 0.5, 'colsample_bynode': 0.5, 'colsample_bylevel': 1.0}",0.8851262797281698,0.8900274308447228,0.8924615779177839,0.8892047087379855,0.0030506687664372837,273
20.238029956817627,0.04631927040247933,0.3301855723063151,0.10901170171970163,0.25,1.5,5,0.5,0.5,0.5,"{'subsample': 0.25, 'scale_pos_weight': 1.5, 'max_depth': 5, 'colsample_bytree': 0.5, 'colsample_bynode': 0.5, 'colsample_bylevel': 0.5}",0.8864959430862183,0.8899933302687524,0.8909225404807164,0.8891370203925258,0.0019059197737388547,275
85.1280022462209,3.1128397239151258,0.17647178967793783,0.010832831801446804,0.25,0.5,5,1.0,1.0,1.0,"{'subsample': 0.25, 'scale_pos_weight': 0.5, 'max_depth': 5, 'colsample_bytree': 1.0, 'colsample_bynode': 1.0, 'colsample_bylevel': 1.0}",0.8848076475619521,0.8912436305285915,0.8912231457964231,0.8890910677305213,0.0030292785406164243,276
33.29908323287964,1.0347773569691974,0.2465075651804606,0.0009808907437330934,0.25,0.5,5,1.0,0.5,0.5,"{'subsample': 0.25, 'scale_pos_weight': 0.5, 'max_depth': 5, 'colsample_bytree': 1.0, 'colsample_bynode': 0.5, 'colsample_bylevel': 0.5}",0.8849998667626842,0.8896283443662313,0.8925390866166824,0.8890553806664196,0.0031044928787053697,277
53.52376890182495,0.2407990075463477,0.4115293025970459,0.1588117951924297,0.25,0.5,5,0.5,1.0,1.0,"{'subsample': 0.25, 'scale_pos_weight': 0.5, 'max_depth': 5, 'colsample_bytree': 0.5, 'colsample_bynode': 1.0, 'colsample_bylevel': 1.0}",0.8859035244844691,0.8898380690050963,0.8906633110724449,0.8888013595775625,0.0020768760119714816,278
51.4868795077006,2.779625907373003,0.2430997689565023,0.008379704883505382,0.25,1.5,5,0.5,1.0,1.0,"{'subsample': 0.25, 'scale_pos_weight': 1.5, 'max_depth': 5, 'colsample_bytree': 0.5, 'colsample_bynode': 1.0, 'colsample_bylevel': 1.0}",0.8849964139663904,0.8908707596299581,0.8901185147431137,0.8886615479480566,0.002610138073511673,279
31.778882424036663,0.827622356486803,0.3410666783650716,0.10988919900101428,0.25,1.5,5,0.5,1.0,0.5,"{'subsample': 0.25, 'scale_pos_weight': 1.5, 'max_depth': 5, 'colsample_bytree': 0.5, 'colsample_bynode': 1.0, 'colsample_bylevel': 0.5}",0.8849158216387801,0.8900584424531442,0.8909850920735872,0.8886527637354121,0.0026697298780882896,280
31.84816296895345,0.07339000306407487,0.28839627901713055,0.03727816160820635,0.25,1.5,5,0.5,0.5,1.0,"{'subsample': 0.25, 'scale_pos_weight': 1.5, 'max_depth': 5, 'colsample_bytree': 0.5, 'colsample_bynode': 0.5, 'colsample_bylevel': 1.0}",0.8849158216387801,0.8900584424531442,0.8909850920735872,0.8886527637354121,0.0026697298780882896,280
50.064834912618004,0.9603137265441326,0.25592803955078125,0.007355693394951846,0.25,1.0,5,0.5,1.0,1.0,"{'subsample': 0.25, 'scale_pos_weight': 1.0, 'max_depth': 5, 'colsample_bytree': 0.5, 'colsample_bynode': 1.0, 'colsample_bylevel': 1.0}",0.8855922853644332,0.8888716286053028,0.8909014054395907,0.8884548345452784,0.0021874327293918186,282
52.20603315035502,0.8664216375232928,0.2514798641204834,0.0019387005354709163,0.25,1.0,5,1.0,0.5,1.0,"{'subsample': 0.25, 'scale_pos_weight': 1.0, 'max_depth': 5, 'colsample_bytree': 1.0, 'colsample_bynode': 0.5, 'colsample_bylevel': 1.0}",0.8843587028014933,0.8897251591123121,0.8895091346054189,0.8878639991915616,0.002480540105558492,283
52.654003620147705,2.129409732089108,0.477463165918986,0.29006794251050644,0.25,1.0,5,1.0,1.0,0.5,"{'subsample': 0.25, 'scale_pos_weight': 1.0, 'max_depth': 5, 'colsample_bytree': 1.0, 'colsample_bynode': 1.0, 'colsample_bylevel': 0.5}",0.8843587028014933,0.8897251591123121,0.8895091346054189,0.8878639991915616,0.002480540105558492,283
76.66667977968852,2.653870985073174,0.16397968928019205,0.0005236566653783907,0.25,1.5,5,1.0,1.0,1.0,"{'subsample': 0.25, 'scale_pos_weight': 1.5, 'max_depth': 5, 'colsample_bytree': 1.0, 'colsample_bynode': 1.0, 'colsample_bylevel': 1.0}",0.8840261375867018,0.8896271250369355,0.8896084692987107,0.8877535565589956,0.002636069766688533,285
53.53506946563721,1.3446160745256568,0.2635819911956787,0.011414399830423314,0.25,1.5,5,1.0,1.0,0.5,"{'subsample': 0.25, 'scale_pos_weight': 1.5, 'max_depth': 5, 'colsample_bytree': 1.0, 'colsample_bynode': 1.0, 'colsample_bylevel': 0.5}",0.8832749309765711,0.8889881151973547,0.8898852976931508,0.8873823911056752,0.0029278254181094423,286
52.75323494275411,0.9326170515291764,0.28753916422526044,0.0644858562053951,0.25,1.5,5,1.0,0.5,1.0,"{'subsample': 0.25, 'scale_pos_weight': 1.5, 'max_depth': 5, 'colsample_bytree': 1.0, 'colsample_bynode': 0.5, 'colsample_bylevel': 1.0}",0.8832749309765711,0.8889881151973547,0.8898852976931508,0.8873823911056752,0.0029278254181094423,286
83.14864079157512,2.2626308973197333,0.1764968236287435,0.01252720248857619,0.25,1.0,5,1.0,1.0,1.0,"{'subsample': 0.25, 'scale_pos_weight': 1.0, 'max_depth': 5, 'colsample_bytree': 1.0, 'colsample_bynode': 1.0, 'colsample_bylevel': 1.0}",0.883661319192413,0.8874602955898077,0.8889886842176926,0.8867031440453921,0.00223985698083644,288
